<?xml version="1.0"?>
<module>
        <name>QCM</name>
        <label>QCM</label>
        <parent>HRM</parent>
        <version>1.0</version>
        <dependencies>
                <vtiger_version>7.1.0</vtiger_version>
                <vtiger_max_version>7.*</vtiger_max_version>
        </dependencies>

		<tables>
			<table>
				<name>vtiger_hrm_qcm</name>
				<sql><![CDATA[CREATE TABLE `vtiger_hrm_qcm` (
							`qcmid` INT(11) NOT NULL,
							`qcm_title` varchar(255) DEFAULT NULL,
							`qcm_code` varchar(255) DEFAULT NULL,
							`qcm_category` varchar(255) DEFAULT NULL,
							`qcm_classify` varchar(255) DEFAULT NULL,
							`qcm_created` varchar(255) DEFAULT NULL,
							`qcm_status` varchar(255) DEFAULT NULL,
							`fined` varchar(255) DEFAULT NULL,
							`description` text DEFAULT NULL,
							`position` varchar(100) DEFAULT NULL,
							PRIMARY KEY (`qcmid`)
						) ENGINE=InnoDB DEFAULT CHARSET=utf8]]>
					</sql>
			</table>
			<table>
				<name>vtiger_hrm_qcmcf</name>
				<sql><![CDATA[CREATE TABLE `vtiger_hrm_qcmcf` (
							`qcmid` INT(11) NOT NULL,
							PRIMARY KEY (`qcmid`)
						) ENGINE=InnoDB DEFAULT CHARSET=utf8]]>
			   </sql>
			</table>		
		</tables>        
        <blocks>
				<block>
					<label>LBL_QCM_SUMMARY</label>
					<fields>
							<field>
								<fieldname>qcm_title</fieldname>
								<uitype>2</uitype>
								<columnname>qcm_title</columnname>
								<tablename>vtiger_hrm_qcm</tablename>
								<generatedtype>1</generatedtype>
								<fieldlabel>QCM Title</fieldlabel>
								<readonly>1</readonly>
								<presence>0</presence>
								<defaultvalue></defaultvalue>
								<sequence>1</sequence>
								<maximumlength>100</maximumlength>
								<typeofdata>V~M</typeofdata>
								<quickcreate>2</quickcreate>
								<quickcreatesequence></quickcreatesequence>
								<displaytype>1</displaytype>
								<info_type>BAS</info_type>
								<helpinfo><![CDATA[]]></helpinfo>
								<masseditable>1</masseditable>
								<entityidentifier>
								<entityidfield>qcmid</entityidfield>
								<entityidcolumn>qcmid</entityidcolumn>
								</entityidentifier>
							</field>
							
							<field>
								<fieldname>qcm_code</fieldname>
								<uitype>4</uitype>
								<columnname>qcm_code</columnname>
								<tablename>vtiger_hrm_qcm</tablename>
								<generatedtype>1</generatedtype>
								<fieldlabel>QCM Code</fieldlabel>
								<readonly>1</readonly>
								<presence>0</presence>
								<defaultvalue></defaultvalue>
								<sequence>2</sequence>
								<maximumlength>100</maximumlength>
								<typeofdata>V~O</typeofdata>
								<quickcreate>3</quickcreate>
								<quickcreatesequence></quickcreatesequence>
								<displaytype>1</displaytype>
								<info_type>BAS</info_type>
								<helpinfo><![CDATA[]]></helpinfo>
								<masseditable>0</masseditable>
							</field>
							
							<field>
								<fieldname>qcm_category</fieldname>
								<uitype>15</uitype>
								<columnname>qcm_category</columnname>
								<tablename>vtiger_hrm_qcm</tablename>
								<generatedtype>1</generatedtype>
								<fieldlabel>Category</fieldlabel>
								<readonly>1</readonly>
								<presence>0</presence>
								<defaultvalue></defaultvalue>
								<sequence>3</sequence>
								<maximumlength>100</maximumlength>
								<typeofdata>V~O</typeofdata>
								<quickcreate>2</quickcreate>
								<quickcreatesequence></quickcreatesequence>
								<displaytype>1</displaytype>
								<info_type>BAS</info_type>
								<helpinfo><![CDATA[]]></helpinfo>
								<masseditable>1</masseditable>
								<picklistvalues>
									<picklistvalue>IT</picklistvalue>
									<picklistvalue>RD</picklistvalue>
									<picklistvalue>Sale Marketing</picklistvalue>
									<picklistvalue>Service</picklistvalue>
									<picklistvalue>System</picklistvalue>
									<picklistvalue>Manager</picklistvalue>
								</picklistvalues>					
							</field>
							
							<field>
								<fieldname>qcm_classify</fieldname>
								<uitype>15</uitype>
								<columnname>qcm_classify</columnname>
								<tablename>vtiger_hrm_qcm</tablename>
								<generatedtype>1</generatedtype>
								<fieldlabel>Classify</fieldlabel>
								<readonly>1</readonly>
								<presence>0</presence>
								<defaultvalue></defaultvalue>
								<sequence>4</sequence>
								<maximumlength>100</maximumlength>
								<typeofdata>V~O</typeofdata>
								<quickcreate>2</quickcreate>
								<quickcreatesequence></quickcreatesequence>
								<displaytype>1</displaytype>
								<info_type>BAS</info_type>
								<helpinfo><![CDATA[]]></helpinfo>
								<masseditable>1</masseditable>
								<picklistvalues>
									<picklistvalue>Role</picklistvalue>
									<picklistvalue>Responsibility</picklistvalue>
									<picklistvalue>Skill</picklistvalue>
									<picklistvalue>Knowledge</picklistvalue>
									<picklistvalue>Experience</picklistvalue>
								</picklistvalues>					
							</field>
							
							<field>
								<fieldname>qcm_created</fieldname>
								<uitype>5</uitype>
								<columnname>qcm_created</columnname>
								<tablename>vtiger_hrm_qcm</tablename>
								<generatedtype>1</generatedtype>
								<fieldlabel>Created</fieldlabel>
								<readonly>1</readonly>
								<presence>0</presence>
								<defaultvalue></defaultvalue>
								<sequence>5</sequence>
								<maximumlength>100</maximumlength>
								<typeofdata>D~O</typeofdata>
								<quickcreate>3</quickcreate>
								<quickcreatesequence></quickcreatesequence>
								<displaytype>1</displaytype>
								<info_type>BAS</info_type>
								<helpinfo><![CDATA[]]></helpinfo>
								<masseditable>1</masseditable>
							</field>
							
							<field>
								<fieldname>assigned_user_id</fieldname>
								<uitype>53</uitype>
								<columnname>smownerid</columnname>
								<tablename>vtiger_crmentity</tablename>
								<generatedtype>1</generatedtype>
								<fieldlabel>Created by</fieldlabel>
								<readonly>1</readonly>
								<presence>2</presence>
								<defaultvalue></defaultvalue>
								<sequence>6</sequence>
								<maximumlength>100</maximumlength>
								<typeofdata>V~O</typeofdata>
								<quickcreate>2</quickcreate>
								<quickcreatesequence>2</quickcreatesequence>
								<displaytype>1</displaytype>
								<info_type>BAS</info_type>
								<helpinfo><![CDATA[]]></helpinfo>
								<masseditable>1</masseditable>
							</field>
							
							<field>
								<fieldname>qcm_status</fieldname>
								<uitype>15</uitype>
								<columnname>qcm_status</columnname>
								<tablename>vtiger_hrm_qcm</tablename>
								<generatedtype>1</generatedtype>
								<fieldlabel>Status</fieldlabel>
								<readonly>1</readonly>
								<presence>0</presence>
								<defaultvalue></defaultvalue>
								<sequence>7</sequence>
								<maximumlength>100</maximumlength>
								<typeofdata>V~O</typeofdata>
								<quickcreate>2</quickcreate>
								<quickcreatesequence></quickcreatesequence>
								<displaytype>1</displaytype>
								<info_type>BAS</info_type>
								<helpinfo><![CDATA[]]></helpinfo>
								<masseditable>1</masseditable>
								<picklistvalues>
									<picklistvalue>Active</picklistvalue>
									<picklistvalue>Inactive</picklistvalue>
								</picklistvalues>					
							</field>
							
							<field>
								<fieldname>fined</fieldname>
								<uitype>1</uitype>
								<columnname>fined</columnname>
								<tablename>vtiger_hrm_qcm</tablename>
								<generatedtype>1</generatedtype>
								<fieldlabel>Fined</fieldlabel>
								<readonly>1</readonly>
								<presence>0</presence>
								<defaultvalue></defaultvalue>
								<sequence>8</sequence>
								<maximumlength>100</maximumlength>
								<typeofdata>V~O</typeofdata>
								<quickcreate>3</quickcreate>
								<quickcreatesequence></quickcreatesequence>
								<displaytype>1</displaytype>
								<info_type>BAS</info_type>
								<helpinfo><![CDATA[]]></helpinfo>
								<masseditable>1</masseditable>
							</field>
							
							<field>
								<fieldname>description</fieldname>
								<uitype>19</uitype>
								<columnname>description</columnname>
								<tablename>vtiger_hrm_qcm</tablename>
								<generatedtype>1</generatedtype>
								<fieldlabel>Description</fieldlabel>
								<readonly>1</readonly>
								<presence>0</presence>
								<defaultvalue></defaultvalue>
								<sequence>9</sequence>
								<maximumlength>100</maximumlength>
								<typeofdata>V~O</typeofdata>
								<quickcreate>3</quickcreate>
								<quickcreatesequence></quickcreatesequence>
								<displaytype>1</displaytype>
								<info_type>BAS</info_type>
								<helpinfo><![CDATA[]]></helpinfo>
								<masseditable>1</masseditable>
							</field>
							<field>
								<fieldname>position</fieldname>
								<uitype>10</uitype>
								<columnname>position</columnname>
								<tablename>vtiger_hrm_qcm</tablename>
								<generatedtype>1</generatedtype>
								<fieldlabel>Position</fieldlabel>
								<readonly>1</readonly>
								<presence>2</presence>
								<defaultvalue></defaultvalue>
								<sequence>4</sequence>
								<maximumlength>100</maximumlength>
								<typeofdata>V~O</typeofdata>
								<quickcreate>3</quickcreate>
								<quickcreatesequence>0</quickcreatesequence>
								<displaytype>1</displaytype>
								<info_type>BAS</info_type>
								<helpinfo><![CDATA[]]></helpinfo>
								<masseditable>1</masseditable>
								<summaryfield>0</summaryfield>
								<relatedmodules>
								<relatedmodule>SettingPosition</relatedmodule>
								</relatedmodules>
						</field>
						<field>
							<fieldname>createdtime</fieldname>
							<uitype>70</uitype>
							<columnname>createdtime</columnname>
							<tablename>vtiger_crmentity</tablename>
							<generatedtype>1</generatedtype>
							<fieldlabel>Created Time</fieldlabel>
							<readonly>1</readonly>
							<presence>0</presence>
							<defaultvalue></defaultvalue>
							<sequence>17</sequence>
							<maximumlength>100</maximumlength>
							<typeofdata>DT~O</typeofdata>
							<quickcreate>3</quickcreate>
							<quickcreatesequence></quickcreatesequence>
							<displaytype>2</displaytype>
							<info_type>BAS</info_type>
							<helpinfo><![CDATA[]]></helpinfo>
							<masseditable>0</masseditable>
						</field>
						<field>
							<fieldname>modifiedtime</fieldname>
							<uitype>70</uitype>
							<columnname>modifiedtime</columnname>
							<tablename>vtiger_crmentity</tablename>
							<generatedtype>1</generatedtype>
							<fieldlabel>Modified Time</fieldlabel>
							<readonly>1</readonly>
							<presence>0</presence>
							<defaultvalue></defaultvalue>
							<sequence>19</sequence>
							<maximumlength>100</maximumlength>
							<typeofdata>DT~O</typeofdata>
							<quickcreate>3</quickcreate>
							<quickcreatesequence></quickcreatesequence>
							<displaytype>2</displaytype>
							<info_type>BAS</info_type>
							<helpinfo><![CDATA[]]></helpinfo>
							<masseditable>0</masseditable>
						</field>
					</fields>
				</block>
        </blocks>
        <customviews>
				<customview>
					<viewname>All</viewname>
					<setdefault>true</setdefault>
					<setmetrics>false</setmetrics>
					<fields>
						<field>
							<fieldname>qcm_title</fieldname>
							<columnindex>0</columnindex>
						</field>
						<field>
							<fieldname>qcm_category</fieldname>
							<columnindex>1</columnindex>
						</field>
						<field>
							<fieldname>qcm_classify</fieldname>
							<columnindex>2</columnindex>
						</field>
						<field>
							<fieldname>qcm_status</fieldname>
							<columnindex>3</columnindex>
						</field>
						<field>
							<fieldname>assigned_user_id</fieldname>
							<columnindex>3</columnindex>
						</field>
					</fields>
				</customview>
	     </customviews>
		 <sharingaccess>
			<default>public_readwritedelete</default>
		 </sharingaccess>
		 <actions>
			<action>
			<name><![CDATA[Import]]></name>
			<status>enabled</status>
			</action>
			<action>
			<name><![CDATA[Export]]></name>
			<status>enabled</status>
			</action>
			<action>
			<name><![CDATA[Merge]]></name>
			<status>enabled</status>
			</action>
			<action>
			<name><![CDATA[DuplicatesHandling]]></name>
			<status>enabled</status>
			</action>
			</actions>
</module>