<?xml version="1.0"?>
<module>
        <name>Salary</name>
        <label>Salary</label>
        <parent>HRM</parent>
        <version>1.0</version>
        <dependencies>
                <vtiger_version>7.1.0</vtiger_version>
                <vtiger_max_version>7.*</vtiger_max_version>
        </dependencies>

		<tables>
			<table>
				<name>vtiger_hrm_salaryreference</name>
				<sql><![CDATA[CREATE TABLE `vtiger_hrm_salaryreference`(
					  `id` int(19) NOT NULL,
					  `employ_id` int(11) DEFAULT NULL,
					  `current_salary` varchar(255) DEFAULT NULL,
					  `before_increase_date` varchar(255) DEFAULT NULL,
					  `salary_after` varchar(255) DEFAULT NULL,
					  `reviewer` varchar(255) DEFAULT NULL,
					  `hr_salary_action` varchar(255) DEFAULT NULL,
					  `note` varchar(255) DEFAULT NULL,
					  `review_date` varchar(255) DEFAULT NULL,
					  PRIMARY KEY  (`id`)
					) ENGINE=InnoDB DEFAULT CHARSET=utf8]]>
						
				</sql>
			</table>		
		</tables>        
        <blocks>
			<block>
				<label>LBL_Salary_INFORMATION</label>
				<fields>
					<field>
						<fieldname>employ_id</fieldname>
						<uitype>10</uitype>
						<columnname>employ_id</columnname>
						<tablename>vtiger_hrm_salaryreference</tablename>
						<generatedtype>1</generatedtype>
						<fieldlabel>Employee</fieldlabel>
						<readonly>1</readonly>
						<presence>2</presence>
						<defaultvalue></defaultvalue>
						<sequence>1</sequence>
						<maximumlength>100</maximumlength>
						<typeofdata>V~M</typeofdata>
						<quickcreate>2</quickcreate>
						<quickcreatesequence></quickcreatesequence>
						<displaytype>1</displaytype>
						<info_type>BAS</info_type>
						<helpinfo><![CDATA[]]></helpinfo>
						<masseditable>1</masseditable>
						<summaryfield>1</summaryfield>
						<relatedmodules>
						<relatedmodule>Employee</relatedmodule>
						</relatedmodules>
					</field>
					<field>
						<fieldname>current_salary</fieldname>
						<uitype>1</uitype>
						<columnname>current_salary</columnname>
						<tablename>vtiger_hrm_salaryreference</tablename>
						<generatedtype>1</generatedtype>
						<fieldlabel>Current Salary</fieldlabel>
						<readonly>1</readonly>
						<presence>0</presence>
						<defaultvalue></defaultvalue>
						<sequence>2</sequence>
						<maximumlength>100</maximumlength>
						<typeofdata>V~O</typeofdata>
						<quickcreate>2</quickcreate>
						<quickcreatesequence></quickcreatesequence>
						<displaytype>1</displaytype>
						<info_type>BAS</info_type>
						<helpinfo><![CDATA[]]></helpinfo>
						<masseditable>1</masseditable>
						<summaryfield>1</summaryfield>
					</field>
					<field>
							<fieldname>before_increase_date</fieldname>
							<uitype>5</uitype>
							<columnname>before_increase_date</columnname>
							<tablename>vtiger_hrm_salaryreference</tablename>
							<generatedtype>1</generatedtype>
							<fieldlabel>Increase Date Before</fieldlabel>
							<readonly>1</readonly>
							<presence>0</presence>
							<defaultvalue></defaultvalue>
							<sequence>3</sequence>
							<maximumlength>100</maximumlength>
							<typeofdata>D~O</typeofdata>
							<quickcreate>2</quickcreate>
							<quickcreatesequence></quickcreatesequence>
							<displaytype>1</displaytype>
							<info_type>BAS</info_type>
							<helpinfo><![CDATA[]]></helpinfo>
							<masseditable>1</masseditable>
							<summaryfield>1</summaryfield>
					</field>
					<field>
						<fieldname>salary_after</fieldname>
						<uitype>1</uitype>
						<columnname>salary_after</columnname>
						<tablename>vtiger_hrm_salaryreference</tablename>
						<generatedtype>1</generatedtype>
						<fieldlabel>After Increase Salary</fieldlabel>
						<readonly>1</readonly>
						<presence>0</presence>
						<defaultvalue></defaultvalue>
						<sequence>4</sequence>
						<maximumlength>100</maximumlength>
						<typeofdata>V~O</typeofdata>
						<quickcreate>2</quickcreate>
						<quickcreatesequence></quickcreatesequence>
						<displaytype>1</displaytype>
						<info_type>BAS</info_type>
						<helpinfo><![CDATA[]]></helpinfo>
						<masseditable>1</masseditable>
						<summaryfield>1</summaryfield>
					</field>
					<field>
						<fieldname>reviewer</fieldname>
						<uitype>53</uitype>
						<columnname>reviewer</columnname>
						<tablename>vtiger_hrm_salaryreference</tablename>
						<generatedtype>1</generatedtype>
						<fieldlabel>Reviewer</fieldlabel>
						<readonly>1</readonly>
						<presence>2</presence>
						<defaultvalue></defaultvalue>
						<sequence>5</sequence>
						<maximumlength>100</maximumlength>
						<typeofdata>V~M</typeofdata>
						<quickcreate>2</quickcreate>
						<quickcreatesequence>2</quickcreatesequence>
						<displaytype>1</displaytype>
						<info_type>BAS</info_type>
						<helpinfo><![CDATA[]]></helpinfo>
						<masseditable>1</masseditable>
						<summaryfield>1</summaryfield>
					</field>
					<field>
						<fieldname>hr_salary_action</fieldname>
						<uitype>15</uitype>
						<columnname>hr_salary_action</columnname>
						<tablename>vtiger_hrm_salaryreference</tablename>
						<generatedtype>1</generatedtype>
						<fieldlabel>HR Action</fieldlabel>
						<readonly>1</readonly>
						<presence>0</presence>
						<defaultvalue></defaultvalue>
						<sequence>6</sequence>
						<maximumlength>100</maximumlength>
						<typeofdata>V~O</typeofdata>
						<quickcreate>3</quickcreate>
						<quickcreatesequence></quickcreatesequence>
						<displaytype>1</displaytype>
						<info_type>BAS</info_type>
						<helpinfo><![CDATA[]]></helpinfo>
						<masseditable>1</masseditable>
						<summaryfield>1</summaryfield>
						<picklistvalues>
							<picklistvalue>Accept</picklistvalue>
							<picklistvalue>Reject</picklistvalue>
						</picklistvalues>
					</field>
					<field>
						<fieldname>note</fieldname>
						<uitype>19</uitype>
						<columnname>note</columnname>
						<tablename>vtiger_hrm_salaryreference</tablename>
						<generatedtype>1</generatedtype>
						<fieldlabel>Note</fieldlabel>
						<readonly>1</readonly>
						<presence>0</presence>
						<defaultvalue></defaultvalue>
						<sequence>7</sequence>
						<maximumlength>100</maximumlength>
						<typeofdata>V~O</typeofdata>
						<quickcreate>2</quickcreate>
						<quickcreatesequence></quickcreatesequence>
						<displaytype>1</displaytype>
						<info_type>BAS</info_type>
						<helpinfo><![CDATA[]]></helpinfo>
						<masseditable>1</masseditable>
					</field>
					<field>
						<fieldname>review_date</fieldname>
						<uitype>5</uitype>
						<columnname>review_date</columnname>
						<tablename>vtiger_hrm_salaryreference</tablename>
						<generatedtype>1</generatedtype>
						<fieldlabel>Review date</fieldlabel>
						<readonly>1</readonly>
						<presence>0</presence>
						<defaultvalue></defaultvalue>
						<sequence>7</sequence>
						<maximumlength>100</maximumlength>
						<typeofdata>D~O</typeofdata>
						<quickcreate>2</quickcreate>
						<quickcreatesequence></quickcreatesequence>
						<displaytype>1</displaytype>
						<info_type>BAS</info_type>
						<helpinfo><![CDATA[]]></helpinfo>
						<masseditable>1</masseditable>
						<summaryfield>1</summaryfield>
					</field>
					<field>
						<fieldname>assigned_user_id</fieldname>
						<uitype>53</uitype>
						<columnname>smownerid</columnname>
						<tablename>vtiger_crmentity</tablename>
						<generatedtype>1</generatedtype>
						<fieldlabel>Assigned To</fieldlabel>
						<readonly>1</readonly>
						<presence>2</presence>
						<defaultvalue></defaultvalue>
						<sequence>10</sequence>
						<maximumlength>100</maximumlength>
						<typeofdata>V~M</typeofdata>
						<quickcreate>2</quickcreate>
						<quickcreatesequence>2</quickcreatesequence>
						<displaytype>1</displaytype>
						<info_type>BAS</info_type>
						<helpinfo><![CDATA[]]></helpinfo>
						<masseditable>1</masseditable>
					</field>
					<field>
							<fieldname>createdtime</fieldname>
							<uitype>70</uitype>
							<columnname>createdtime</columnname>
							<tablename>vtiger_crmentity</tablename>
							<generatedtype>1</generatedtype>
							<fieldlabel>Created Time</fieldlabel>
							<readonly>1</readonly>
							<presence>0</presence>
							<defaultvalue></defaultvalue>
							<sequence>17</sequence>
							<maximumlength>100</maximumlength>
							<typeofdata>DT~O</typeofdata>
							<quickcreate>3</quickcreate>
							<quickcreatesequence></quickcreatesequence>
							<displaytype>2</displaytype>
							<info_type>BAS</info_type>
							<helpinfo><![CDATA[]]></helpinfo>
							<masseditable>0</masseditable>
						</field>
						<field>
							<fieldname>modifiedtime</fieldname>
							<uitype>70</uitype>
							<columnname>modifiedtime</columnname>
							<tablename>vtiger_crmentity</tablename>
							<generatedtype>1</generatedtype>
							<fieldlabel>Modified Time</fieldlabel>
							<readonly>1</readonly>
							<presence>0</presence>
							<defaultvalue></defaultvalue>
							<sequence>19</sequence>
							<maximumlength>100</maximumlength>
							<typeofdata>DT~O</typeofdata>
							<quickcreate>3</quickcreate>
							<quickcreatesequence></quickcreatesequence>
							<displaytype>2</displaytype>
							<info_type>BAS</info_type>
							<helpinfo><![CDATA[]]></helpinfo>
							<masseditable>0</masseditable>
						</field>
					
				</fields>					
			</block>
        </blocks>
        <customviews>
				<customview>
					<viewname>All</viewname>
					<setdefault>true</setdefault>
					<setmetrics>false</setmetrics>
					<fields>
						<field>
							<fieldname>employ_id</fieldname>
							<columnindex>1</columnindex>
						</field>
						<field>
							<fieldname>current_salary</fieldname>
							<columnindex>2</columnindex>
						</field>
						<field>
							<fieldname>before_increase_date</fieldname>
							<columnindex>3</columnindex>
						</field>
						<field>
							<fieldname>salary_after</fieldname>
							<columnindex>4</columnindex>
						</field>
						<field>
							<fieldname>reviewer</fieldname>
							<columnindex>5</columnindex>
						</field>
						<field>
							<fieldname>hr_salary_action</fieldname>
							<columnindex>5</columnindex>
						</field>
					</fields>
				</customview>
	     </customviews>
		 <sharingaccess>
			<default>public_readwritedelete</default>
		 </sharingaccess>
</module>