<?xml version="1.0"?>
<module>
        <name>Employee</name>
        <label>Employee</label>
        <parent>HRM</parent>
        <version>1.0</version>
        <dependencies>
                <vtiger_version>7.1.0</vtiger_version>
                <vtiger_max_version>7.*</vtiger_max_version>
        </dependencies>

		<tables>
				<table>
					<name>vtiger_hrm_employee</name>
					<sql><![CDATA[CREATE TABLE `vtiger_hrm_employee` (
							`employid` INT(11) NOT NULL,
							`firstname` varchar(255) DEFAULT NULL,
							`lastname` varchar(255) DEFAULT NULL,
							`employ_gender` varchar(255) DEFAULT NULL,
							`email` varchar(255) DEFAULT NULL,
							`user_id` varchar(255) DEFAULT NULL,
							`date_of_birth` varchar(100) DEFAULT NULL,
							`mobile` varchar(100) DEFAULT NULL,
							`position` varchar(255) DEFAULT NULL,
							`employ_marital_status` varchar(50) DEFAULT NULL,
							`address` varchar(255) DEFAULT NULL,
							`city` varchar(255) DEFAULT NULL,
							`country` varchar(100) DEFAULT NULL,
							`flag` varchar(100) DEFAULT NULL,
							  `candidate_id` varchar(100) DEFAULT NULL,
							  `action` varchar(100) DEFAULT NULL,
							  `start_work_date` varchar(100) DEFAULT NULL,
							  `employ_number` varchar(100) DEFAULT NULL,
							  `official_date` varchar(100) DEFAULT NULL,	 
							  `desired_salary` varchar(100) DEFAULT NULL,	 
							  `probality_period` varchar(100) DEFAULT NULL,	 
							  `official_salary` varchar(100) DEFAULT NULL,	 
							  `private_email` varchar(100) DEFAULT NULL,	 
							PRIMARY KEY (`employid`)
						) ENGINE=InnoDB DEFAULT CHARSET=utf8]]>
							
						</sql>
				</table>
				<table>
					<name>vtiger_hrm_employcf</name>
					<sql><![CDATA[CREATE TABLE `vtiger_hrm_employcf` (
						  `employid` int(19) NOT NULL default '0',
						  PRIMARY KEY  (`employid`)
						) ENGINE=InnoDB DEFAULT CHARSET=utf8]]>
				   </sql>
				</table>
						
		</tables>        
        <blocks>
				<block>
						<label>LBL_PERSONAL_DETAIL</label>
					    <fields>
							<field>
								<fieldname>firstname</fieldname>
								<uitype>2</uitype>
								<columnname>firstname</columnname>
								<tablename>vtiger_hrm_employee</tablename>
								<generatedtype>1</generatedtype>
								<fieldlabel>First Name</fieldlabel>
								<readonly>1</readonly>
								<presence>0</presence>
								<defaultvalue></defaultvalue>
								<sequence>1</sequence>
								<maximumlength>100</maximumlength>
								<typeofdata>V~M</typeofdata>
								<quickcreate>2</quickcreate>
								<quickcreatesequence></quickcreatesequence>
								<displaytype>1</displaytype>
								<info_type>BAS</info_type>
								<helpinfo><![CDATA[]]></helpinfo>
								<masseditable>0</masseditable>
								<summaryfield>1</summaryfield>
								<entityidentifier>
								<entityidfield>employid</entityidfield>
								<entityidcolumn>employid</entityidcolumn>
								</entityidentifier>
							</field>

							<field>
								<fieldname>lastname</fieldname>
								<uitype>2</uitype>
								<columnname>lastname</columnname>
								<tablename>vtiger_hrm_employee</tablename>
								<generatedtype>1</generatedtype>
								<fieldlabel>Last Name</fieldlabel>
								<readonly>1</readonly>
								<presence>0</presence>
								<defaultvalue></defaultvalue>
								<sequence>2</sequence>
								<maximumlength>100</maximumlength>
								<typeofdata>V~M</typeofdata>
								<quickcreate>2</quickcreate>
								<quickcreatesequence></quickcreatesequence>
								<displaytype>1</displaytype>
								<info_type>BAS</info_type>
								<helpinfo><![CDATA[]]></helpinfo>
								<masseditable>0</masseditable>
								<summaryfield>1</summaryfield>
								<entityidentifier>
								<entityidfield>employid</entityidfield>
								<entityidcolumn>employid</entityidcolumn>
								</entityidentifier>
							</field>
							<field>
								<fieldname>employ_gender</fieldname>
								<uitype>15</uitype>
								<columnname>employ_gender</columnname>
								<tablename>vtiger_hrm_employee</tablename>
								<generatedtype>1</generatedtype>
								<fieldlabel>Gender</fieldlabel>
								<readonly>1</readonly>
								<presence>0</presence>
								<defaultvalue></defaultvalue>
								<sequence>3</sequence>
								<maximumlength>100</maximumlength>
								<typeofdata>V~O</typeofdata>
								<quickcreate>2</quickcreate>
								<quickcreatesequence></quickcreatesequence>
								<displaytype>1</displaytype>
								<info_type>BAS</info_type>
								<helpinfo><![CDATA[]]></helpinfo>
								<masseditable>1</masseditable>
								<picklistvalues>
									<picklistvalue>Mr.</picklistvalue>
									<picklistvalue>Ms.</picklistvalue>
									<picklistvalue>Mrs.</picklistvalue>
									<picklistvalue>Dr.</picklistvalue>
									<picklistvalue>Prof.</picklistvalue>
								</picklistvalues>
							</field>
							<field>
								<fieldname>email</fieldname>
								<uitype>13</uitype>
								<columnname>email</columnname>
								<tablename>vtiger_hrm_employee</tablename>
								<generatedtype>1</generatedtype>
								<fieldlabel>Email</fieldlabel>
								<readonly>1</readonly>
								<presence>0</presence>
								<defaultvalue></defaultvalue>
								<sequence>4</sequence>
								<maximumlength>100</maximumlength>
								<typeofdata>E~M</typeofdata>
								<quickcreate>2</quickcreate>
								<quickcreatesequence></quickcreatesequence>
								<displaytype>1</displaytype>
								<info_type>BAS</info_type>
								<helpinfo><![CDATA[]]></helpinfo>
								<masseditable>0</masseditable>
								<summaryfield>1</summaryfield>
							</field>
							<field>
								<fieldname>user_id</fieldname>
								<uitype>3</uitype>
								<columnname>user_id</columnname>
								<tablename>vtiger_hrm_employee</tablename>
								<generatedtype>1</generatedtype>
								<fieldlabel>User ID</fieldlabel>
								<readonly>1</readonly>
								<presence>0</presence>
								<defaultvalue></defaultvalue>
								<sequence>5</sequence>
								<maximumlength>100</maximumlength>
								<typeofdata>V~O</typeofdata>
								<quickcreate>3</quickcreate>
								<quickcreatesequence></quickcreatesequence>
								<displaytype>1</displaytype>
								<info_type>BAS</info_type>
								<helpinfo><![CDATA[]]></helpinfo>
								<masseditable>0</masseditable>
							</field>
							<field>
								<fieldname>date_of_birth</fieldname>
								<uitype>5</uitype>
								<columnname>date_of_birth</columnname>
								<tablename>vtiger_hrm_employee</tablename>
								<generatedtype>1</generatedtype>
								<fieldlabel>Date of Birth</fieldlabel>
								<readonly>1</readonly>
								<presence>0</presence>
								<defaultvalue></defaultvalue>
								<sequence>6</sequence>
								<maximumlength>100</maximumlength>
								<typeofdata>D~O</typeofdata>
								<quickcreate>2</quickcreate>
								<quickcreatesequence></quickcreatesequence>
								<displaytype>1</displaytype>
								<info_type>BAS</info_type>
								<helpinfo><![CDATA[]]></helpinfo>
								<masseditable>0</masseditable>
							</field>
							<field>
								<fieldname>mobile</fieldname>
								<uitype>1</uitype>
								<columnname>mobile</columnname>
								<tablename>vtiger_hrm_employee</tablename>
								<generatedtype>1</generatedtype>
								<fieldlabel>Mobile</fieldlabel>
								<readonly>1</readonly>
								<presence>0</presence>
								<defaultvalue></defaultvalue>
								<sequence>7</sequence>
								<maximumlength>100</maximumlength>
								<typeofdata>V~O</typeofdata>
								<quickcreate>2</quickcreate>
								<quickcreatesequence></quickcreatesequence>
								<displaytype>1</displaytype>
								<info_type>BAS</info_type>
								<helpinfo><![CDATA[]]></helpinfo>
								<masseditable>1</masseditable>
							</field>
							<field>
								<fieldname>position</fieldname>
								<uitype>10</uitype>
								<columnname>position</columnname>
								<tablename>vtiger_hrm_employee</tablename>
								<generatedtype>1</generatedtype>
								<fieldlabel>Position</fieldlabel>
								<readonly>1</readonly>
								<presence>0</presence>
								<defaultvalue></defaultvalue>
								<sequence>8</sequence>
								<maximumlength>100</maximumlength>
								<typeofdata>V~O</typeofdata>
								<quickcreate>2</quickcreate>
								<quickcreatesequence></quickcreatesequence>
								<displaytype>1</displaytype>
								<info_type>BAS</info_type>
								<helpinfo><![CDATA[]]></helpinfo>
								<masseditable>1</masseditable>
								<relatedmodules>
								<relatedmodule>SettingPosition</relatedmodule>
								</relatedmodules>
							</field>
							<field>
								<fieldname>employ_marital_status</fieldname>
								<uitype>15</uitype>
								<columnname>employ_marital_status</columnname>
								<tablename>vtiger_hrm_employee</tablename>
								<generatedtype>1</generatedtype>
								<fieldlabel>Marital Status</fieldlabel>
								<readonly>1</readonly>
								<presence>0</presence>
								<defaultvalue></defaultvalue>
								<sequence>9</sequence>
								<maximumlength>100</maximumlength>
								<typeofdata>V~O</typeofdata>
								<quickcreate>2</quickcreate>
								<quickcreatesequence></quickcreatesequence>
								<displaytype>1</displaytype>
								<info_type>BAS</info_type>
								<helpinfo><![CDATA[]]></helpinfo>
								<masseditable>1</masseditable>
								<picklistvalues>
									<picklistvalue>Married</picklistvalue>
									<picklistvalue>Single</picklistvalue>
								</picklistvalues>
							</field>

							<field>
								<fieldname>address</fieldname>
								<uitype>1</uitype>
								<columnname>address</columnname>
								<tablename>vtiger_hrm_employee</tablename>
								<generatedtype>1</generatedtype>
								<fieldlabel>Address</fieldlabel>
								<readonly>1</readonly>
								<presence>0</presence>
								<defaultvalue></defaultvalue>
								<sequence>10</sequence>
								<maximumlength>100</maximumlength>
								<typeofdata>V~O</typeofdata>
								<quickcreate>2</quickcreate>
								<quickcreatesequence></quickcreatesequence>
								<displaytype>1</displaytype>
								<info_type>BAS</info_type>
								<helpinfo><![CDATA[]]></helpinfo>
								<masseditable>0</masseditable>
								<summaryfield>1</summaryfield>
							</field>
							<field>
								<fieldname>city</fieldname>
								<uitype>1</uitype>
								<columnname>city</columnname>
								<tablename>vtiger_hrm_employee</tablename>
								<generatedtype>1</generatedtype>
								<fieldlabel>City</fieldlabel>
								<readonly>1</readonly>
								<presence>0</presence>
								<defaultvalue></defaultvalue>
								<sequence>11</sequence>
								<maximumlength>100</maximumlength>
								<typeofdata>V~O</typeofdata>
								<quickcreate>2</quickcreate>
								<quickcreatesequence></quickcreatesequence>
								<displaytype>1</displaytype>
								<info_type>BAS</info_type>
								<helpinfo><![CDATA[]]></helpinfo>
								<masseditable>1</masseditable>
								<summaryfield>1</summaryfield>
							</field>
							<field>
								<fieldname>country</fieldname>
								<uitype>1</uitype>
								<columnname>country</columnname>
								<tablename>vtiger_hrm_employee</tablename>
								<generatedtype>1</generatedtype>
								<fieldlabel>Country</fieldlabel>
								<readonly>1</readonly>
								<presence>0</presence>
								<defaultvalue></defaultvalue>
								<sequence>12</sequence>
								<maximumlength>100</maximumlength>
								<typeofdata>V~O</typeofdata>
								<quickcreate>2</quickcreate>
								<quickcreatesequence></quickcreatesequence>
								<displaytype>1</displaytype>
								<info_type>BAS</info_type>
								<helpinfo><![CDATA[]]></helpinfo>
								<masseditable>1</masseditable>
								<summaryfield>1</summaryfield>
							</field>
			                <field>
								<fieldname>assigned_user_id</fieldname>
								<uitype>53</uitype>
								<columnname>smownerid</columnname>
								<tablename>vtiger_crmentity</tablename>
								<generatedtype>1</generatedtype>
								<fieldlabel>Assigned To</fieldlabel>
								<readonly>1</readonly>
								<presence>2</presence>
								<defaultvalue></defaultvalue>
								<sequence>16</sequence>
								<maximumlength>100</maximumlength>
								<typeofdata>V~M</typeofdata>
								<quickcreate>2</quickcreate>
								<quickcreatesequence>2</quickcreatesequence>
								<displaytype>1</displaytype>
								<info_type>BAS</info_type>
								<helpinfo><![CDATA[]]></helpinfo>
								<masseditable>1</masseditable>
							</field>
							<field>
								<fieldname>createdtime</fieldname>
								<uitype>70</uitype>
								<columnname>createdtime</columnname>
								<tablename>vtiger_crmentity</tablename>
								<generatedtype>1</generatedtype>
								<fieldlabel>Created</fieldlabel>
								<readonly>1</readonly>
								<presence>0</presence>
								<defaultvalue></defaultvalue>
								<sequence>17</sequence>
								<maximumlength>100</maximumlength>
								<typeofdata>DT~O</typeofdata>
								<quickcreate>3</quickcreate>
								<quickcreatesequence></quickcreatesequence>
								<displaytype>2</displaytype>
								<info_type>BAS</info_type>
								<helpinfo><![CDATA[]]></helpinfo>
								<masseditable>0</masseditable>
							</field>
							<field>
								<fieldname>modifiedtime</fieldname>
								<uitype>70</uitype>
								<columnname>modifiedtime</columnname>
								<tablename>vtiger_crmentity</tablename>
								<generatedtype>1</generatedtype>
								<fieldlabel>Modified Time</fieldlabel>
								<readonly>1</readonly>
								<presence>0</presence>
								<defaultvalue></defaultvalue>
								<sequence>18</sequence>
								<maximumlength>100</maximumlength>
								<typeofdata>DT~O</typeofdata>
								<quickcreate>3</quickcreate>
								<quickcreatesequence></quickcreatesequence>
								<displaytype>2</displaytype>
								<info_type>BAS</info_type>
								<helpinfo><![CDATA[]]></helpinfo>
								<masseditable>0</masseditable>
							</field>
							<field>
								<fieldname>flag</fieldname>
								<uitype>3</uitype>
								<columnname>flag</columnname>
								<tablename>vtiger_hrm_employee</tablename>
								<generatedtype>1</generatedtype>
								<fieldlabel>Flag</fieldlabel>
								<readonly>1</readonly>
								<presence>2</presence>
								<defaultvalue></defaultvalue>
								<sequence>19</sequence>
								<maximumlength>100</maximumlength>
								<typeofdata>V~O</typeofdata>
								<quickcreate>1</quickcreate>
								<quickcreatesequence>0</quickcreatesequence>
								<displaytype>1</displaytype>
								<info_type>BAS</info_type>
								<helpinfo><![CDATA[]]></helpinfo>
								<masseditable>1</masseditable>
								<summaryfield>0</summaryfield>
							</field>
							<field>
								<fieldname>candidate_id</fieldname>
								<uitype>3</uitype>
								<columnname>candidate_id</columnname>
								<tablename>vtiger_hrm_employee</tablename>
								<generatedtype>1</generatedtype>
								<fieldlabel>candidate</fieldlabel>
								<readonly>1</readonly>
								<presence>2</presence>
								<defaultvalue></defaultvalue>
								<sequence>20</sequence>
								<maximumlength>100</maximumlength>
								<typeofdata>V~O</typeofdata>
								<quickcreate>1</quickcreate>
								<quickcreatesequence>0</quickcreatesequence>
								<displaytype>1</displaytype>
								<info_type>BAS</info_type>
								<helpinfo><![CDATA[]]></helpinfo>
								<masseditable>1</masseditable>
								<summaryfield>0</summaryfield>
							</field>
								<field>
									<fieldname>action</fieldname>
									<uitype>3</uitype>
									<columnname>action</columnname>
									<tablename>vtiger_hrm_employee</tablename>
									<generatedtype>1</generatedtype>
									<fieldlabel>action</fieldlabel>
									<readonly>1</readonly>
									<presence>2</presence>
									<defaultvalue></defaultvalue>
									<sequence>21</sequence>
									<maximumlength>100</maximumlength>
									<typeofdata>V~O</typeofdata>
									<quickcreate>1</quickcreate>
									<quickcreatesequence>0</quickcreatesequence>
									<displaytype>1</displaytype>
									<info_type>BAS</info_type>
									<helpinfo><![CDATA[]]></helpinfo>
									<masseditable>1</masseditable>
									<summaryfield>0</summaryfield>
								</field>
								<field>
									<fieldname>start_work_date</fieldname>
									<uitype>5</uitype>
									<columnname>start_work_date</columnname>
									<tablename>vtiger_hrm_employee</tablename>
									<generatedtype>1</generatedtype>
									<fieldlabel>Start Work Date</fieldlabel>
									<readonly>1</readonly>
									<presence>2</presence>
									<defaultvalue></defaultvalue>
									<sequence>22</sequence>
									<maximumlength>100</maximumlength>
									<typeofdata>D~O</typeofdata>
									<quickcreate>1</quickcreate>
									<quickcreatesequence>0</quickcreatesequence>
									<displaytype>1</displaytype>
									<info_type>BAS</info_type>
									<helpinfo><![CDATA[]]></helpinfo>
									<masseditable>1</masseditable>
									<summaryfield>0</summaryfield>
								</field>
							<field>
								<fieldname>employ_number</fieldname>
								<uitype>1</uitype>
								<columnname>employ_number</columnname>
								<tablename>vtiger_hrm_employee</tablename>
								<generatedtype>1</generatedtype>
								<fieldlabel>Employee Number</fieldlabel>
								<readonly>1</readonly>
								<presence>2</presence>
								<defaultvalue></defaultvalue>
								<sequence>23</sequence>
								<maximumlength>100</maximumlength>
								<typeofdata>V~O</typeofdata>
								<quickcreate>1</quickcreate>
								<quickcreatesequence>0</quickcreatesequence>
								<displaytype>1</displaytype>
								<info_type>BAS</info_type>
								<helpinfo><![CDATA[]]></helpinfo>
								<masseditable>1</masseditable>
								<summaryfield>0</summaryfield>
							</field>
							<field>
								<fieldname>official_date</fieldname>
								<uitype>5</uitype>
								<columnname>official_date</columnname>
								<tablename>vtiger_hrm_employee</tablename>
								<generatedtype>1</generatedtype>
								<fieldlabel>Official Working</fieldlabel>
								<readonly>1</readonly>
								<presence>2</presence>
								<defaultvalue></defaultvalue>
								<sequence>24</sequence>
								<maximumlength>100</maximumlength>
								<typeofdata>D~O</typeofdata>
								<quickcreate>1</quickcreate>
								<quickcreatesequence>0</quickcreatesequence>
								<displaytype>1</displaytype>
								<info_type>BAS</info_type>
								<helpinfo><![CDATA[]]></helpinfo>
								<masseditable>1</masseditable>
								<summaryfield>0</summaryfield>
							</field>
							<field>
								<fieldname>desired_salary</fieldname>
								<uitype>1</uitype>
								<columnname>desired_salary</columnname>
								<tablename>vtiger_hrm_employee</tablename>
								<generatedtype>1</generatedtype>
								<fieldlabel>Desired Salary</fieldlabel>
								<readonly>1</readonly>
								<presence>2</presence>
								<defaultvalue></defaultvalue>
								<sequence>25</sequence>
								<maximumlength>100</maximumlength>
								<typeofdata>V~O</typeofdata>
								<quickcreate>1</quickcreate>
								<quickcreatesequence>0</quickcreatesequence>
								<displaytype>1</displaytype>
								<info_type>BAS</info_type>
								<helpinfo><![CDATA[]]></helpinfo>
								<masseditable>1</masseditable>
								<summaryfield>0</summaryfield>
							</field>
							<field>
								<fieldname>probality_period</fieldname>
								<uitype>1</uitype>
								<columnname>probality_period</columnname>
								<tablename>vtiger_hrm_employee</tablename>
								<generatedtype>1</generatedtype>
								<fieldlabel>Probationary Period</fieldlabel>
								<readonly>1</readonly>
								<presence>2</presence>
								<defaultvalue></defaultvalue>
								<sequence>26</sequence>
								<maximumlength>100</maximumlength>
								<typeofdata>V~O</typeofdata>
								<quickcreate>1</quickcreate>
								<quickcreatesequence>0</quickcreatesequence>
								<displaytype>1</displaytype>
								<info_type>BAS</info_type>
								<helpinfo><![CDATA[]]></helpinfo>
								<masseditable>1</masseditable>
								<summaryfield>0</summaryfield>
							</field>
							<field>
								<fieldname>official_salary</fieldname>
								<uitype>1</uitype>
								<columnname>official_salary</columnname>
								<tablename>vtiger_hrm_employee</tablename>
								<generatedtype>1</generatedtype>
								<fieldlabel>Official Salary</fieldlabel>
								<readonly>1</readonly>
								<presence>2</presence>
								<defaultvalue></defaultvalue>
								<sequence>27</sequence>
								<maximumlength>100</maximumlength>
								<typeofdata>V~O</typeofdata>
								<quickcreate>1</quickcreate>
								<quickcreatesequence>0</quickcreatesequence>
								<displaytype>1</displaytype>
								<info_type>BAS</info_type>
								<helpinfo><![CDATA[]]></helpinfo>
								<masseditable>1</masseditable>
								<summaryfield>0</summaryfield>
							</field>
							<field>
								<fieldname>private_email</fieldname>
								<uitype>1</uitype>
								<columnname>private_email</columnname>
								<tablename>vtiger_hrm_employee</tablename>
								<generatedtype>1</generatedtype>
								<fieldlabel>Private Email</fieldlabel>
								<readonly>1</readonly>
								<presence>2</presence>
								<defaultvalue></defaultvalue>
								<sequence>28</sequence>
								<maximumlength>100</maximumlength>
								<typeofdata>V~O</typeofdata>
								<quickcreate>1</quickcreate>
								<quickcreatesequence>0</quickcreatesequence>
								<displaytype>1</displaytype>
								<info_type>BAS</info_type>
								<helpinfo><![CDATA[]]></helpinfo>
								<masseditable>1</masseditable>
								<summaryfield>0</summaryfield>
							</field>
							<field>
								<fieldname>salary_department</fieldname>
								<uitype>10</uitype>
								<columnname>salary_department</columnname>
								<tablename>vtiger_hrm_employee</tablename>
								<generatedtype>1</generatedtype>
								<fieldlabel>Salary Department</fieldlabel>
								<readonly>1</readonly>
								<presence>2</presence>
								<defaultvalue></defaultvalue>
								<sequence>1</sequence>
								<maximumlength>100</maximumlength>
								<typeofdata>V~O</typeofdata>
								<quickcreate>2</quickcreate>
								<quickcreatesequence></quickcreatesequence>
								<displaytype>1</displaytype>
								<info_type>BAS</info_type>
								<helpinfo><![CDATA[]]></helpinfo>
								<masseditable>1</masseditable>
								<summaryfield>1</summaryfield>
								<relatedmodules>
								<relatedmodule>SalaryComponent</relatedmodule>
								</relatedmodules>
							</field>
							
						</fields>			
				</block>
        </blocks>
        <customviews>
				<customview>
					<viewname>All</viewname>
					<setdefault>true</setdefault>
					<setmetrics>false</setmetrics>
					<fields>
						<field>
							<fieldname>firstname</fieldname>
							<columnindex>0</columnindex>
						</field>
						<field>
							<fieldname>lastname</fieldname>
							<columnindex>1</columnindex>
						</field>
						<field>
							<fieldname>city</fieldname>
							<columnindex>2</columnindex>
						</field>
						<field>
							<fieldname>address</fieldname>
							<columnindex>3</columnindex>
						</field>
						<field>
							<fieldname>assigned_user_id</fieldname>
							<columnindex>4</columnindex>
						</field>
					</fields>
				</customview>
	     </customviews>
		 <sharingaccess>
			<default>public_readwritedelete</default>
		 </sharingaccess>
		 <actions>
			<action>
			<name><![CDATA[Import]]></name>
			<status>enabled</status>
			</action>
			<action>
			<name><![CDATA[Export]]></name>
			<status>enabled</status>
			</action>
			<action>
			<name><![CDATA[Merge]]></name>
			<status>enabled</status>
			</action>
			<action>
			<name><![CDATA[DuplicatesHandling]]></name>
			<status>enabled</status>
			</action>
		</actions>
		<relatedlists>
			<relatedlist>
				<function>get_attachments</function>
				<label>Documents</label>
				<sequence>1</sequence>
				<presence>0</presence>
				<actions>
				<action>SELECT</action>
				<action>ADD</action>
				</actions>
				<relatedmodule>Documents</relatedmodule>
			</relatedlist>
			<relatedlist>
				<function>get_related_list</function>
				<label>Activities</label>
				<sequence>2</sequence>
				<presence>0</presence>
				<actions>
				<action>SELECT</action>
				<action>ADD</action>
				</actions>
				<relatedmodule>Calendar</relatedmodule>
			</relatedlist>
			<relatedlist>
				<function>get_emails</function>
				<label>Emails</label>
				<sequence>3</sequence>
				<presence>0</presence>
				<actions>
				<action>ADD</action>
				</actions>
				<relatedmodule>Emails</relatedmodule>
			</relatedlist>
			<relatedlist>
				<function>get_related_list</function>
				<label>QCM</label>
				<sequence>4</sequence>
				<presence>0</presence>
				<actions>
				<action>SELECT</action>
				<action>ADD</action>
				</actions>
				<relatedmodule>QCM</relatedmodule>
			</relatedlist>
			<relatedlist>
				<function>get_related_list</function>
				<label>JD</label>
				<sequence>5</sequence>
				<presence>0</presence>
				<actions>
				<action>SELECT</action>
				<action>ADD</action>
				</actions>
				<relatedmodule>JD</relatedmodule>
			</relatedlist>
			<relatedlist>
				<function>get_related_list</function>
				<label>KPI</label>
				<sequence>6</sequence>
				<presence>0</presence>
				<relatedmodule>KPI</relatedmodule>
			</relatedlist>
			<relatedlist>
				<function>get_related_list</function>
				<label>Leave</label>
				<sequence>7</sequence>
				<presence>0</presence>
				<relatedmodule>Leave</relatedmodule>
			</relatedlist>
			<relatedlist>
				<function>get_related_list</function>
				<label>Salary</label>
				<sequence>7</sequence>
				<presence>0</presence>
				<relatedmodule>Salary</relatedmodule>
			</relatedlist>
		</relatedlists>
</module>