<?xml version="1.0"?>
<module>
        <name>KPI</name>
        <label>KPI</label>
        <parent>HRM</parent>
        <version>1.0</version>
        <dependencies>
                <vtiger_version>7.1.0</vtiger_version>
                <vtiger_max_version>7.*</vtiger_max_version>
        </dependencies>

		<tables>
				<table>
					<name>vtiger_hrm_kpi</name>
					<sql><![CDATA[CREATE TABLE `vtiger_hrm_kpi` (
							`id` INT(11) NOT NULL,
							`kpi_name` varchar(255) NOT NULL,
							`kpi_description` varchar(255) NOT NULL,
							`kpi_status` varchar(255) NOT NULL,
							`kpi_type` varchar(100) NOT NULL,
							`kpi_manager` varchar(100) NOT NULL,
							`kpi_department` varchar(100) NOT NULL,
							`start_date` varchar(100) NOT NULL,
							`due_date` varchar(100) NOT NULL,
							`cf_01` varchar(100) NOT NULL,
							`cf_02` varchar(100) NOT NULL,
							`cf_03` varchar(100) NOT NULL,
							`cf_04` varchar(100) NOT NULL,
							`kpi_weight` varchar(100) NOT NULL,
							`kpi_ranking` varchar(100) NOT NULL,
							`cf_07` varchar(100) NOT NULL,
							PRIMARY KEY (`id`)
						) ENGINE=InnoDB DEFAULT CHARSET=utf8]]>
						</sql>
				</table>
				<table>
					<name>vtiger_hrm_kpicf</name>
					<sql><![CDATA[CREATE TABLE `vtiger_hrm_kpicf` (
						  `id` int(19) NOT NULL default '0',
						  PRIMARY KEY  (`id`)
						) ENGINE=InnoDB DEFAULT CHARSET=utf8]]>
							
				   </sql>
				</table>
			</tables>        
        <blocks>
				<block>
						<label>LBL_KPI_INFORMATION</label>
					    <fields>
							<field>
								<fieldname>kpi_name</fieldname>
								<uitype>2</uitype>
								<columnname>kpi_name</columnname>
								<tablename>vtiger_hrm_kpi</tablename>
								<generatedtype>1</generatedtype>
								<fieldlabel>KPI Name</fieldlabel>
								<readonly>1</readonly>
								<presence>0</presence>
								<defaultvalue></defaultvalue>
								<sequence>1</sequence>
								<maximumlength>100</maximumlength>
								<typeofdata>V~M</typeofdata>
								<quickcreate>2</quickcreate>
								<quickcreatesequence></quickcreatesequence>
								<displaytype>1</displaytype>
								<info_type>BAS</info_type>
								<helpinfo><![CDATA[]]></helpinfo>
								<masseditable>1</masseditable>
								<entityidentifier>
								<entityidfield>id</entityidfield>
								<entityidcolumn>id</entityidcolumn>
								</entityidentifier>
							</field>
							
							<field>
								<fieldname>kpi_type</fieldname>
								<uitype>15</uitype>
								<columnname>kpi_type</columnname>
								<tablename>vtiger_hrm_kpi</tablename>
								<generatedtype>2</generatedtype>
								<fieldlabel>Type</fieldlabel>
								<readonly>1</readonly>
								<presence>2</presence>
								<defaultvalue></defaultvalue>
								<sequence>2</sequence>
								<maximumlength>100</maximumlength>
								<typeofdata>V~M</typeofdata>
								<quickcreate>2</quickcreate>
								<quickcreatesequence></quickcreatesequence>
								<displaytype>1</displaytype>
								<info_type>BAS</info_type>
								<helpinfo><![CDATA[]]></helpinfo>
								<masseditable>1</masseditable>
								<summaryfield>1</summaryfield>
								<picklistvalues>
									<picklistvalue>Test</picklistvalue>
								</picklistvalues>
							</field>
							
							<field>
								<fieldname>assigned_user_id</fieldname>
								<uitype>53</uitype>
								<columnname>smownerid</columnname>
								<tablename>vtiger_crmentity</tablename>
								<generatedtype>1</generatedtype>
								<fieldlabel>Assigned To</fieldlabel>
								<readonly>1</readonly>
								<presence>2</presence>
								<defaultvalue></defaultvalue>
								<sequence>3</sequence>
								<maximumlength>100</maximumlength>
								<typeofdata>V~M</typeofdata>
								<quickcreate>2</quickcreate>
								<quickcreatesequence>2</quickcreatesequence>
								<displaytype>1</displaytype>
								<info_type>BAS</info_type>
								<helpinfo><![CDATA[]]></helpinfo>
								<masseditable>1</masseditable>
							</field>
							
							<field>
							<fieldname>kpi_manager</fieldname>
							<uitype>53</uitype>
							<columnname>kpi_manager</columnname>
							<tablename>vtiger_hrm_kpi</tablename>
							<generatedtype>1</generatedtype>
							<fieldlabel>Manager</fieldlabel>
							<readonly>1</readonly>
							<presence>2</presence>
							<defaultvalue></defaultvalue>
							<sequence>4</sequence>
							<maximumlength>100</maximumlength>
							<typeofdata>V~M</typeofdata>
							<quickcreate>2</quickcreate>
							<quickcreatesequence>2</quickcreatesequence>
							<displaytype>1</displaytype>
							<info_type>BAS</info_type>
							<helpinfo><![CDATA[]]></helpinfo>
							<masseditable>1</masseditable>
							<summaryfield>0</summaryfield>
							</field>
							
							<field>
								<fieldname>api_manager</fieldname>
								<uitype>101</uitype>
								<columnname>api_manager</columnname>
								<tablename>vtiger_hrm_kpi</tablename>
								<generatedtype>1</generatedtype>
								<fieldlabel>Manager</fieldlabel>
								<readonly>1</readonly>
								<presence>2</presence>
								<defaultvalue></defaultvalue>
								<sequence>4</sequence>
								<maximumlength>100</maximumlength>
								<typeofdata>V~M</typeofdata>
								<quickcreate>2</quickcreate>
								<quickcreatesequence>2</quickcreatesequence>
								<displaytype>1</displaytype>
								<info_type>BAS</info_type>
								<helpinfo><![CDATA[]]></helpinfo>
								<masseditable>1</masseditable>
							</field>
							
							<field>
								<fieldname>kpi_department</fieldname>
								<uitype>15</uitype>
								<columnname>kpi_department</columnname>
								<tablename>vtiger_hrm_kpi</tablename>
								<generatedtype>2</generatedtype>
								<fieldlabel>Department</fieldlabel>
								<readonly>1</readonly>
								<presence>2</presence>
								<defaultvalue></defaultvalue>
								<sequence>5</sequence>
								<maximumlength>100</maximumlength>
								<typeofdata>V~M</typeofdata>
								<quickcreate>2</quickcreate>
								<quickcreatesequence></quickcreatesequence>
								<displaytype>1</displaytype>
								<info_type>BAS</info_type>
								<helpinfo><![CDATA[]]></helpinfo>
								<masseditable>1</masseditable>
								<summaryfield>1</summaryfield>
								<picklistvalues>
									<picklistvalue>Sales</picklistvalue>
									<picklistvalue>Marketing</picklistvalue>
									<picklistvalue>Product</picklistvalue>
									<picklistvalue>HR Admin</picklistvalue>
									<picklistvalue>Service</picklistvalue>
									<picklistvalue>Other</picklistvalue>
								</picklistvalues>
							</field>
							
							<field>
								<fieldname>start_date</fieldname>
								<uitype>5</uitype>
								<columnname>start_date</columnname>
								<tablename>vtiger_hrm_kpi</tablename>
								<generatedtype>2</generatedtype>
								<fieldlabel>Start Date</fieldlabel>
								<readonly>1</readonly>
								<presence>2</presence>
								<defaultvalue></defaultvalue>
								<sequence>6</sequence>
								<maximumlength>100</maximumlength>
								<typeofdata>D~M</typeofdata>
								<quickcreate>2</quickcreate>
								<quickcreatesequence></quickcreatesequence>
								<displaytype>1</displaytype>
								<info_type>BAS</info_type>
								<helpinfo><![CDATA[]]></helpinfo>
								<masseditable>1</masseditable>
								<summaryfield>1</summaryfield>
							</field>
							
							<field>
								<fieldname>kpi_status</fieldname>
								<uitype>15</uitype>
								<columnname>kpi_status</columnname>
								<tablename>vtiger_hrm_kpi</tablename>
								<generatedtype>2</generatedtype>
								<fieldlabel>Status</fieldlabel>
								<readonly>1</readonly>
								<presence>2</presence>
								<defaultvalue></defaultvalue>
								<sequence>7</sequence>
								<maximumlength>100</maximumlength>
								<typeofdata>V~M</typeofdata>
								<quickcreate>2</quickcreate>
								<quickcreatesequence></quickcreatesequence>
								<displaytype>1</displaytype>
								<info_type>BAS</info_type>
								<helpinfo><![CDATA[]]></helpinfo>
								<masseditable>1</masseditable>
								<summaryfield>1</summaryfield>
								<picklistvalues>
									<picklistvalue>Planning</picklistvalue>
									<picklistvalue>Active</picklistvalue>
									<picklistvalue>Inactive</picklistvalue>
									<picklistvalue>Completed</picklistvalue>
									<picklistvalue>Cancelled</picklistvalue>
								</picklistvalues>
							</field>
							
							<field>
								<fieldname>due_date</fieldname>
								<uitype>5</uitype>
								<columnname>due_date</columnname>
								<tablename>vtiger_hrm_kpi</tablename>
								<generatedtype>2</generatedtype>
								<fieldlabel>Due Date</fieldlabel>
								<readonly>1</readonly>
								<presence>2</presence>
								<defaultvalue></defaultvalue>
								<sequence>8</sequence>
								<maximumlength>100</maximumlength>
								<typeofdata>D~M</typeofdata>
								<quickcreate>2</quickcreate>
								<quickcreatesequence></quickcreatesequence>
								<displaytype>1</displaytype>
								<info_type>BAS</info_type>
								<helpinfo><![CDATA[]]></helpinfo>
								<masseditable>1</masseditable>
								<summaryfield>1</summaryfield>
							</field>
							<field>
								<fieldname>kpi_description</fieldname>
								<uitype>19</uitype>
								<columnname>kpi_description</columnname>
								<tablename>vtiger_hrm_kpi</tablename>
								<generatedtype>1</generatedtype>
								<fieldlabel>KPI Description</fieldlabel>
								<readonly>1</readonly>
								<presence>0</presence>
								<defaultvalue></defaultvalue>
								<sequence>9</sequence>
								<maximumlength>100</maximumlength>
								<typeofdata>V~O</typeofdata>
								<quickcreate>2</quickcreate>
								<quickcreatesequence></quickcreatesequence>
								<displaytype>1</displaytype>
								<info_type>BAS</info_type>
								<helpinfo><![CDATA[]]></helpinfo>
								<masseditable>1</masseditable>
							</field>
			                
							<field>
								<fieldname>createdtime</fieldname>
								<uitype>70</uitype>
								<columnname>createdtime</columnname>
								<tablename>vtiger_crmentity</tablename>
								<generatedtype>1</generatedtype>
								<fieldlabel>Created Time</fieldlabel>
								<readonly>1</readonly>
								<presence>0</presence>
								<defaultvalue></defaultvalue>
								<sequence>10</sequence>
								<maximumlength>100</maximumlength>
								<typeofdata>DT~O</typeofdata>
								<quickcreate>3</quickcreate>
								<quickcreatesequence></quickcreatesequence>
								<displaytype>2</displaytype>
								<info_type>BAS</info_type>
								<helpinfo><![CDATA[]]></helpinfo>
								<masseditable>0</masseditable>
							</field>
							<field>
								<fieldname>modifiedtime</fieldname>
								<uitype>70</uitype>
								<columnname>modifiedtime</columnname>
								<tablename>vtiger_crmentity</tablename>
								<generatedtype>1</generatedtype>
								<fieldlabel>Modified Time</fieldlabel>
								<readonly>1</readonly>
								<presence>0</presence>
								<defaultvalue></defaultvalue>
								<sequence>11</sequence>
								<maximumlength>100</maximumlength>
								<typeofdata>DT~O</typeofdata>
								<quickcreate>3</quickcreate>
								<quickcreatesequence></quickcreatesequence>
								<displaytype>2</displaytype>
								<info_type>BAS</info_type>
								<helpinfo><![CDATA[]]></helpinfo>
								<masseditable>0</masseditable>
							</field>
						</fields>			
				</block>
			<block>
				<label>LBL_EXPECT_ACTUAL</label>
				<fields>
					<field>
						<fieldname>cf_01</fieldname>
						<uitype>1</uitype>
						<columnname>cf_01</columnname>
						<tablename>vtiger_hrm_kpi</tablename>
						<generatedtype>1</generatedtype>
						<fieldlabel>Target</fieldlabel>
						<readonly>1</readonly>
						<presence>0</presence>
						<defaultvalue></defaultvalue>
						<sequence>12</sequence>
						<maximumlength>100</maximumlength>
						<typeofdata>V~O</typeofdata>
						<quickcreate>2</quickcreate>
						<quickcreatesequence></quickcreatesequence>
						<displaytype>1</displaytype>
						<info_type>BAS</info_type>
						<helpinfo><![CDATA[]]></helpinfo>
						<masseditable>0</masseditable>
					</field>
					<field>
						<fieldname>cf_02</fieldname>
						<uitype>1</uitype>
						<columnname>cf_02</columnname>
						<tablename>vtiger_hrm_kpi</tablename>
						<generatedtype>1</generatedtype>
						<fieldlabel>Actual</fieldlabel>
						<readonly>1</readonly>
						<presence>0</presence>
						<defaultvalue></defaultvalue>
						<sequence>13</sequence>
						<maximumlength>100</maximumlength>
						<typeofdata>V~O</typeofdata>
						<quickcreate>2</quickcreate>
						<quickcreatesequence></quickcreatesequence>
						<displaytype>1</displaytype>
						<info_type>BAS</info_type>
						<helpinfo><![CDATA[]]></helpinfo>
						<masseditable>0</masseditable>
					</field>
					<field>
						<fieldname>cf_03</fieldname>
						<uitype>1</uitype>
						<columnname>cf_03</columnname>
						<tablename>vtiger_hrm_kpi</tablename>
						<generatedtype>1</generatedtype>
						<fieldlabel>Total Tickets</fieldlabel>
						<readonly>1</readonly>
						<presence>0</presence>
						<defaultvalue></defaultvalue>
						<sequence>14</sequence>
						<maximumlength>100</maximumlength>
						<typeofdata>V~O</typeofdata>
						<quickcreate>2</quickcreate>
						<quickcreatesequence></quickcreatesequence>
						<displaytype>1</displaytype>
						<info_type>BAS</info_type>
						<helpinfo><![CDATA[]]></helpinfo>
						<masseditable>0</masseditable>
					</field>
					<field>
						<fieldname>cf_04</fieldname>
						<uitype>1</uitype>
						<columnname>cf_04</columnname>
						<tablename>vtiger_hrm_kpi</tablename>
						<generatedtype>1</generatedtype>
						<fieldlabel>Total Reviews</fieldlabel>
						<readonly>1</readonly>
						<presence>0</presence>
						<defaultvalue></defaultvalue>
						<sequence>15</sequence>
						<maximumlength>100</maximumlength>
						<typeofdata>V~O</typeofdata>
						<quickcreate>2</quickcreate>
						<quickcreatesequence></quickcreatesequence>
						<displaytype>1</displaytype>
						<info_type>BAS</info_type>
						<helpinfo><![CDATA[]]></helpinfo>
						<masseditable>0</masseditable>
					</field>
					<field>
						<fieldname>kpi_weight</fieldname>
						<uitype>10</uitype>
						<columnname>kpi_weight</columnname>
						<tablename>vtiger_hrm_kpi</tablename>
						<generatedtype>1</generatedtype>
						<fieldlabel>Weight</fieldlabel>
						<readonly>1</readonly>
						<presence>0</presence>
						<defaultvalue></defaultvalue>
						<sequence>16</sequence>
						<maximumlength>100</maximumlength>
						<typeofdata>V~O</typeofdata>
						<quickcreate>2</quickcreate>
						<quickcreatesequence></quickcreatesequence>
						<displaytype>1</displaytype>
						<info_type>BAS</info_type>
						<helpinfo><![CDATA[]]></helpinfo>
						<masseditable>0</masseditable>
						<relatedmodules>
							<relatedmodule>SettingWeight</relatedmodule>
						</relatedmodules>
					</field>
				</fields>
			</block>
			<block>
				<label>LBL_KPI_RESULT</label>
				<fields>
					<field>
						<fieldname>kpi_ranking</fieldname>
						<uitype>10</uitype>
						<columnname>kpi_ranking</columnname>
						<tablename>vtiger_hrm_kpi</tablename>
						<generatedtype>1</generatedtype>
						<fieldlabel>Ranking</fieldlabel>
						<readonly>1</readonly>
						<presence>0</presence>
						<defaultvalue></defaultvalue>
						<sequence>18</sequence>
						<maximumlength>100</maximumlength>
						<typeofdata>V~O</typeofdata>
						<quickcreate>2</quickcreate>
						<quickcreatesequence></quickcreatesequence>
						<displaytype>1</displaytype>
						<info_type>BAS</info_type>
						<helpinfo><![CDATA[]]></helpinfo>
						<masseditable>0</masseditable>
						<relatedmodules>
							<relatedmodule>SettingWeight</relatedmodule>
						</relatedmodules>
					</field>
					<field>
						<fieldname>cf_07</fieldname>
						<uitype>1</uitype>
						<columnname>cf_07</columnname>
						<tablename>vtiger_hrm_kpi</tablename>
						<generatedtype>1</generatedtype>
						<fieldlabel>Bonus-Fined</fieldlabel>
						<readonly>1</readonly>
						<presence>0</presence>
						<defaultvalue></defaultvalue>
						<sequence>19</sequence>
						<maximumlength>100</maximumlength>
						<typeofdata>V~O</typeofdata>
						<quickcreate>3</quickcreate>
						<quickcreatesequence></quickcreatesequence>
						<displaytype>1</displaytype>
						<info_type>BAS</info_type>
						<helpinfo><![CDATA[]]></helpinfo>
						<masseditable>0</masseditable>
					</field>
				</fields>
			</block>
        </blocks>
	<customviews>
		<customview>
			<viewname>All</viewname>
			<setdefault>true</setdefault>
			<setmetrics>false</setmetrics>
			<fields>
				<field>
					<fieldname>kpi_name</fieldname>
					<columnindex>0</columnindex>
				</field>
				<field>
					<fieldname>kpi_type</fieldname>
					<columnindex>1</columnindex>
				</field>
				<field>
					<fieldname>kpi_department</fieldname>
					<columnindex>2</columnindex>
				</field>
				<field>
					<fieldname>assigned_user_id</fieldname>
					<columnindex>3</columnindex>
				</field>
			</fields>
		</customview>
	</customviews>
	<events>	
			<event>
				<eventname>vtiger.entity.aftersave.final</eventname>
				<classname><![CDATA[KPIHandler]]></classname>
				<filename><![CDATA[modules/KPI/KPIHandler.php]]></filename>
			</event>
		</events>
	<sharingaccess>
		<default>public_readwritedelete</default>
	</sharingaccess>
	<actions>
		<action>
		<name><![CDATA[Import]]></name>
		<status>enabled</status>
		</action>
		<action>
		<name><![CDATA[Export]]></name>
		<status>enabled</status>
		</action>
		<action>
		<name><![CDATA[Merge]]></name>
		<status>enabled</status>
		</action>
		<action>
		<name><![CDATA[DuplicatesHandling]]></name>
		<status>enabled</status>
		</action>																						
	</actions>
</module>