<?xml version="1.0"?>
<module>
        <name>SalaryComponent</name>
        <label>Salary Components</label>
        <parent>HRM</parent>
        <version>1.0</version>
        <dependencies>
                <vtiger_version>7.1.0</vtiger_version>
                <vtiger_max_version>7.*</vtiger_max_version>
        </dependencies>

		<tables>
				<table>
					<name>vtiger_hrm_settingdepartment</name>
					<sql><![CDATA[CREATE TABLE `vtiger_hrm_settingdepartment` (
						  `id` int(19) NOT NULL,
						  `name` varchar(255) DEFAULT NULL,
						  `description` varchar(255) DEFAULT NULL,
						  PRIMARY KEY  (`id`)
						) ENGINE=InnoDB DEFAULT CHARSET=utf8]]>
					</sql>
				</table>
				<table>
					<name>vtiger_hrm_settingdepartmentcf</name>
					<sql><![CDATA[CREATE TABLE `vtiger_hrm_settingdepartmentcf` (
						  `id` int(19) NOT NULL default '0',
						  PRIMARY KEY  (`id`)
						) ENGINE=InnoDB DEFAULT CHARSET=utf8]]>
				   </sql>
				</table>
				
				<table>
					<name>vtiger_hrm_settingdepartmentcust</name>
					<sql><![CDATA[CREATE TABLE `vtiger_hrm_settingdepartmentcust` (
						`id` INT NOT NULL AUTO_INCREMENT,
						`department_id` varchar(255) NOT NULL,
						`experience` varchar(255) DEFAULT NULL,
						  `salary` varchar(255) DEFAULT NULL,
						  `qualification` varchar(255) DEFAULT NULL,
						  `management_scale` varchar(255) DEFAULT NULL,
						  `time_to_review` varchar(100) DEFAULT NULL,
						  `level1` varchar(100) DEFAULT NULL,
						  `level2` varchar(100) DEFAULT NULL,
						  `level3` varchar(100) DEFAULT NULL,
						PRIMARY KEY (`id`)
						) ENGINE=InnoDB DEFAULT CHARSET=utf8]]>
				   </sql>
				</table>
		</tables>        
        <blocks>
				<block>
						<label>LBL_SalaryComponent_INFORMATION</label>
					    <fields>
							<field>
								<fieldname>name</fieldname>
								<uitype>2</uitype>
								<columnname>name</columnname>
								<tablename>vtiger_hrm_settingdepartment</tablename>
								<generatedtype>1</generatedtype>
								<fieldlabel>Name</fieldlabel>
								<readonly>1</readonly>
								<presence>0</presence>
								<defaultvalue></defaultvalue>
								<sequence>1</sequence>
								<maximumlength>100</maximumlength>
								<typeofdata>V~M</typeofdata>
								<quickcreate>2</quickcreate>
								<quickcreatesequence></quickcreatesequence>
								<displaytype>1</displaytype>
								<info_type>BAS</info_type>
								<helpinfo><![CDATA[]]></helpinfo>
								<masseditable>1</masseditable>
								<entityidentifier>
								<entityidfield>id</entityidfield>
								<entityidcolumn>id</entityidcolumn>
								</entityidentifier>
							</field>
							<field>
								<fieldname>description</fieldname>
								<uitype>19</uitype>
								<columnname>description</columnname>
								<tablename>vtiger_hrm_settingdepartment</tablename>
								<generatedtype>1</generatedtype>
								<fieldlabel>Description</fieldlabel>
								<readonly>1</readonly>
								<presence>0</presence>
								<defaultvalue></defaultvalue>
								<sequence>2</sequence>
								<maximumlength>100</maximumlength>
								<typeofdata>V~O</typeofdata>
								<quickcreate>2</quickcreate>
								<quickcreatesequence></quickcreatesequence>
								<displaytype>1</displaytype>
								<info_type>BAS</info_type>
								<helpinfo><![CDATA[]]></helpinfo>
								<masseditable>1</masseditable>
							</field>

							<field>
								<fieldname>createdtime</fieldname>
								<uitype>70</uitype>
								<columnname>createdtime</columnname>
								<tablename>vtiger_crmentity</tablename>
								<generatedtype>1</generatedtype>
								<fieldlabel>Created Time</fieldlabel>
								<readonly>1</readonly>
								<presence>0</presence>
								<defaultvalue></defaultvalue>
								<sequence>10</sequence>
								<maximumlength>100</maximumlength>
								<typeofdata>DT~O</typeofdata>
								<quickcreate>3</quickcreate>
								<quickcreatesequence></quickcreatesequence>
								<displaytype>2</displaytype>
								<info_type>BAS</info_type>
								<helpinfo><![CDATA[]]></helpinfo>
								<masseditable>0</masseditable>
							</field>
							
							<field>
								<fieldname>modifiedtime</fieldname>
								<uitype>70</uitype>
								<columnname>modifiedtime</columnname>
								<tablename>vtiger_crmentity</tablename>
								<generatedtype>1</generatedtype>
								<fieldlabel>Modified Time</fieldlabel>
								<readonly>1</readonly>
								<presence>0</presence>
								<defaultvalue></defaultvalue>
								<sequence>18</sequence>
								<maximumlength>100</maximumlength>
								<typeofdata>DT~O</typeofdata>
								<quickcreate>3</quickcreate>
								<quickcreatesequence></quickcreatesequence>
								<displaytype>2</displaytype>
								<info_type>BAS</info_type>
								<helpinfo><![CDATA[]]></helpinfo>
								<masseditable>0</masseditable>
							</field>
														
						</fields>			
				</block>
        </blocks>
        <customviews>
				<customview>
					<viewname>All</viewname>
					<setdefault>true</setdefault>
					<setmetrics>false</setmetrics>
					<fields>
						<field>
							<fieldname>name</fieldname>
							<columnindex>0</columnindex>
						</field>
						<field>
							<fieldname>description</fieldname>
							<columnindex>1</columnindex>
						</field>
					</fields>
				</customview>
	     </customviews>
		 <sharingaccess>
			<default>public_readwritedelete</default>
		 </sharingaccess>
		 <actions>
			<action>
			<name><![CDATA[Import]]></name>
			<status>enabled</status>
			</action>
			<action>
			<name><![CDATA[Export]]></name>
			<status>enabled</status>
			</action>
			<action>
			<name><![CDATA[Merge]]></name>
			<status>enabled</status>
			</action>
			<action>
			<name><![CDATA[DuplicatesHandling]]></name>
			<status>enabled</status>
			</action>
		</actions>
</module>