<?xml version='1.0'?>
<schema>
	<tables>
		<table>
			<name>vtiger_hrm_rating</name>
			<sql><![CDATA[CREATE TABLE `vtiger_hrm_rating` (
					  `id` int(19) NOT NULL,
					  `task_name` varchar(255) DEFAULT NULL,
					  `rating_weight` varchar(255) DEFAULT NULL,
					  `ranking_1` varchar(255) DEFAULT NULL,
					  `ranking_2` varchar(255) DEFAULT NULL,
					  `ranking_3` varchar(255) DEFAULT NULL,
					  `ranking_4` varchar(255) DEFAULT NULL,
					  `detail` text DEFAULT NULL,
					  PRIMARY KEY  (`id`)
					) ENGINE=InnoDB DEFAULT CHARSET=utf8
					]]></sql>
		</table>
		<table>
			<name>vtiger_hrm_ratingcf</name>
			<sql><![CDATA[CREATE TABLE `vtiger_hrm_ratingcf` (
					  `id` int(19) NOT NULL,
					  PRIMARY KEY  (`id`)
					) ENGINE=InnoDB DEFAULT CHARSET=utf8
						
					]]></sql>
		</table>
	</tables>
</schema>
