<?xml version="1.0"?>
<module>
        <name>JD</name>
        <label>JD</label>
        <parent>HRM</parent>
        <version>1.0</version>
        <dependencies>
                <vtiger_version>7.1.0</vtiger_version>
                <vtiger_max_version>7.*</vtiger_max_version>
        </dependencies>

		<tables>
				<table>
					<name>vtiger_hrm_jd</name>
					<sql><![CDATA[CREATE TABLE `vtiger_hrm_jd` (
						  `id` int(19) NOT NULL,
						  `name` varchar(255) DEFAULT NULL,
						  `description` varchar(255) DEFAULT NULL,
						  `jd_category` varchar(255) DEFAULT NULL,
						  `jd_status` varchar(255) DEFAULT NULL,
						  `jd_classify` varchar(255) DEFAULT NULL,
						  `position` varchar(100) DEFAULT NULL,
						  PRIMARY KEY  (`id`)
						) ENGINE=InnoDB DEFAULT CHARSET=utf8]]>
							
					</sql>
				</table>
				<table>
					<name>vtiger_hrm_jdcf</name>
					<sql><![CDATA[CREATE TABLE `vtiger_hrm_jdcf` (
						  `id` int(19) NOT NULL default '0',
						  PRIMARY KEY  (`id`)
						) ENGINE=InnoDB DEFAULT CHARSET=utf8]]>
							
				   </sql>
				</table>	
				
				<table>
					<name>vtiger_hrm_jd_tasks</name>
					<sql><![CDATA[CREATE TABLE `vtiger_hrm_jd_tasks` (
						  `id` INT NOT NULL AUTO_INCREMENT,
						`task_name` varchar(255) NOT NULL,
						`task_desc` TEXT NOT NULL,
						`jd_id` INT(11) NOT NULL,
						PRIMARY KEY (`id`)
						) ENGINE=InnoDB DEFAULT CHARSET=utf8]]>
				   </sql>
				</table>
		</tables>        
        <blocks>
				<block>
						<label>LBL_JD_INFORMATION</label>
					    <fields>
							<field>
								<fieldname>name</fieldname>
								<uitype>2</uitype>
								<columnname>name</columnname>
								<tablename>vtiger_hrm_jd</tablename>
								<generatedtype>1</generatedtype>
								<fieldlabel>Name</fieldlabel>
								<readonly>1</readonly>
								<presence>0</presence>
								<defaultvalue></defaultvalue>
								<sequence>1</sequence>
								<maximumlength>100</maximumlength>
								<typeofdata>V~M</typeofdata>
								<quickcreate>2</quickcreate>
								<quickcreatesequence></quickcreatesequence>
								<displaytype>1</displaytype>
								<info_type>BAS</info_type>
								<helpinfo><![CDATA[]]></helpinfo>
								<masseditable>1</masseditable>
								<entityidentifier>
								<entityidfield>id</entityidfield>
								<entityidcolumn>id</entityidcolumn>
								</entityidentifier>
							</field>
							<field>
								<fieldname>jd_status</fieldname>
								<uitype>15</uitype>
								<columnname>jd_status</columnname>
								<tablename>vtiger_hrm_jd</tablename>
								<generatedtype>1</generatedtype>
								<fieldlabel>Status</fieldlabel>
								<readonly>1</readonly>
								<presence>0</presence>
								<defaultvalue></defaultvalue>
								<sequence>2</sequence>
								<maximumlength>100</maximumlength>
								<typeofdata>V~O</typeofdata>
								<quickcreate>2</quickcreate>
								<quickcreatesequence></quickcreatesequence>
								<displaytype>1</displaytype>
								<info_type>BAS</info_type>
								<helpinfo><![CDATA[]]></helpinfo>
								<masseditable>1</masseditable>
								<picklistvalues>
									<picklistvalue>Active</picklistvalue>
									<picklistvalue>Inactive</picklistvalue>
								</picklistvalues>					
							</field>
							<field>
								<fieldname>createdtime</fieldname>
								<uitype>70</uitype>
								<columnname>createdtime</columnname>
								<tablename>vtiger_crmentity</tablename>
								<generatedtype>1</generatedtype>
								<fieldlabel>Created</fieldlabel>
								<readonly>1</readonly>
								<presence>0</presence>
								<defaultvalue></defaultvalue>
								<sequence>3</sequence>
								<maximumlength>100</maximumlength>
								<typeofdata>DT~O</typeofdata>
								<quickcreate>3</quickcreate>
								<quickcreatesequence></quickcreatesequence>
								<displaytype>2</displaytype>
								<info_type>BAS</info_type>
								<helpinfo><![CDATA[]]></helpinfo>
								<masseditable>0</masseditable>
							</field>
							
							<field>
								<fieldname>assigned_user_id</fieldname>
								<uitype>53</uitype>
								<columnname>smownerid</columnname>
								<tablename>vtiger_crmentity</tablename>
								<generatedtype>1</generatedtype>
								<fieldlabel>Created By</fieldlabel>
								<readonly>1</readonly>
								<presence>2</presence>
								<defaultvalue></defaultvalue>
								<sequence>4</sequence>
								<maximumlength>100</maximumlength>
								<typeofdata>V~O</typeofdata>
								<quickcreate>1</quickcreate>
								<quickcreatesequence></quickcreatesequence>
								<displaytype>1</displaytype>
								<info_type>BAS</info_type>
								<helpinfo><![CDATA[]]></helpinfo>
								<masseditable>1</masseditable>
								<summaryfield>0</summaryfield>
							</field>
							
							<field>
								<fieldname>jd_category</fieldname>
								<uitype>15</uitype>
								<columnname>jd_category</columnname>
								<tablename>vtiger_hrm_jd</tablename>
								<generatedtype>1</generatedtype>
								<fieldlabel>Category</fieldlabel>
								<readonly>1</readonly>
								<presence>0</presence>
								<defaultvalue></defaultvalue>
								<sequence>5</sequence>
								<maximumlength>100</maximumlength>
								<typeofdata>V~O</typeofdata>
								<quickcreate>2</quickcreate>
								<quickcreatesequence></quickcreatesequence>
								<displaytype>1</displaytype>
								<info_type>BAS</info_type>
								<helpinfo><![CDATA[]]></helpinfo>
								<masseditable>1</masseditable>
								<picklistvalues>
									<picklistvalue>IT</picklistvalue>
									<picklistvalue>RD</picklistvalue>
									<picklistvalue>Sale Marketing</picklistvalue>
									<picklistvalue>Service</picklistvalue>
									<picklistvalue>System</picklistvalue>
									<picklistvalue>Manager</picklistvalue>
								</picklistvalues>					
							</field>
							
							<field>
								<fieldname>jd_classify</fieldname>
								<uitype>15</uitype>
								<columnname>jd_classify</columnname>
								<tablename>vtiger_hrm_jd</tablename>
								<generatedtype>1</generatedtype>
								<fieldlabel>Classify</fieldlabel>
								<readonly>1</readonly>
								<presence>0</presence>
								<defaultvalue></defaultvalue>
								<sequence>6</sequence>
								<maximumlength>100</maximumlength>
								<typeofdata>V~O</typeofdata>
								<quickcreate>2</quickcreate>
								<quickcreatesequence></quickcreatesequence>
								<displaytype>1</displaytype>
								<info_type>BAS</info_type>
								<helpinfo><![CDATA[]]></helpinfo>
								<masseditable>1</masseditable>
								<picklistvalues>
									<picklistvalue>Role</picklistvalue>
									<picklistvalue>Responsibility</picklistvalue>
									<picklistvalue>Skill</picklistvalue>
									<picklistvalue>Knowledge</picklistvalue>
									<picklistvalue>Experience</picklistvalue>
								</picklistvalues>					
							</field>
							
							<field>
								<fieldname>description</fieldname>
								<uitype>19</uitype>
								<columnname>description</columnname>
								<tablename>vtiger_hrm_jd</tablename>
								<generatedtype>1</generatedtype>
								<fieldlabel>Description</fieldlabel>
								<readonly>1</readonly>
								<presence>0</presence>
								<defaultvalue></defaultvalue>
								<sequence>7</sequence>
								<maximumlength>100</maximumlength>
								<typeofdata>V~O</typeofdata>
								<quickcreate>2</quickcreate>
								<quickcreatesequence></quickcreatesequence>
								<displaytype>1</displaytype>
								<info_type>BAS</info_type>
								<helpinfo><![CDATA[]]></helpinfo>
								<masseditable>1</masseditable>
							</field>	
							
							<field>
								<fieldname>modifiedtime</fieldname>
								<uitype>70</uitype>
								<columnname>modifiedtime</columnname>
								<tablename>vtiger_crmentity</tablename>
								<generatedtype>1</generatedtype>
								<fieldlabel>Modified Time</fieldlabel>
								<readonly>1</readonly>
								<presence>0</presence>
								<defaultvalue></defaultvalue>
								<sequence>18</sequence>
								<maximumlength>100</maximumlength>
								<typeofdata>DT~O</typeofdata>
								<quickcreate>3</quickcreate>
								<quickcreatesequence></quickcreatesequence>
								<displaytype>2</displaytype>
								<info_type>BAS</info_type>
								<helpinfo><![CDATA[]]></helpinfo>
								<masseditable>0</masseditable>
							</field>
							<field>
							<fieldname>position</fieldname>
							<uitype>10</uitype>
							<columnname>position</columnname>
							<tablename>vtiger_hrm_jd</tablename>
							<generatedtype>1</generatedtype>
							<fieldlabel>Position</fieldlabel>
							<readonly>1</readonly>
							<presence>2</presence>
							<defaultvalue></defaultvalue>
							<sequence>19</sequence>
							<maximumlength>100</maximumlength>
							<typeofdata>V~O</typeofdata>
							<quickcreate>1</quickcreate>
							<quickcreatesequence>0</quickcreatesequence>
							<displaytype>1</displaytype>
							<info_type>BAS</info_type>
							<helpinfo><![CDATA[]]></helpinfo>
							<masseditable>1</masseditable>
							<summaryfield>0</summaryfield>
							<relatedmodules>
							<relatedmodule>SettingPosition</relatedmodule>
							</relatedmodules>
							</field>							
														
						</fields>			
				</block>
        </blocks>
        <customviews>
				<customview>
					<viewname>All</viewname>
					<setdefault>true</setdefault>
					<setmetrics>false</setmetrics>
					<fields>
						<field>
							<fieldname>name</fieldname>
							<columnindex>0</columnindex>
						</field>
						<field>
							<fieldname>description</fieldname>
							<columnindex>1</columnindex>
						</field>
						<field>
							<fieldname>jd_category</fieldname>
							<columnindex>2</columnindex>
						</field>
						<field>
							<fieldname>jd_status</fieldname>
							<columnindex>3</columnindex>
						</field>
					</fields>
				</customview>
	     </customviews>
		 <sharingaccess>
			<default>public_readwritedelete</default>
		 </sharingaccess>
		 <actions>
			<action>
			<name><![CDATA[Import]]></name>
			<status>enabled</status>
			</action>
			<action>
			<name><![CDATA[Export]]></name>
			<status>enabled</status>
			</action>
			<action>
			<name><![CDATA[Merge]]></name>
			<status>enabled</status>
			</action>
			<action>
			<name><![CDATA[DuplicatesHandling]]></name>
			<status>enabled</status>
			</action>
			</actions>
</module>