<?xml version="1.0"?>
<module>
        <name>Leave</name>
        <label>Leave</label>
        <parent>HRM</parent>
        <version>1.0</version>
        <dependencies>
                <vtiger_version>7.1.0</vtiger_version>
                <vtiger_max_version>7.*</vtiger_max_version>
        </dependencies>

		<tables>
			<table>
				<name>vtiger_hrm_leave</name>
				<sql><![CDATA[CREATE TABLE `vtiger_hrm_leave`(
					  `id` int(19) NOT NULL,
					  `employ_id` int(11) DEFAULT NULL,
					  `from_date` varchar(255) DEFAULT NULL,
					  `to_date` varchar(255) DEFAULT NULL,
					  `note` varchar(255) DEFAULT NULL,
					  `hrm_leave_type` varchar(255) DEFAULT NULL,
					  `partial_day` varchar(255) DEFAULT NULL,
					  `hr` varchar(255) DEFAULT NULL,
					  `hrm_leave_action` varchar(255) DEFAULT NULL,
					  PRIMARY KEY  (`id`)
					) ENGINE=InnoDB DEFAULT CHARSET=utf8]]>
						
				</sql>
			</table>		
		</tables>        
        <blocks>
			<block>
				<label>LBL_LEAVE_INFORMATION</label>
				<fields>
					<field>
						<fieldname>employ_id</fieldname>
						<uitype>10</uitype>
						<columnname>employ_id</columnname>
						<tablename>vtiger_hrm_leave</tablename>
						<generatedtype>1</generatedtype>
						<fieldlabel>Employee</fieldlabel>
						<readonly>1</readonly>
						<presence>2</presence>
						<defaultvalue></defaultvalue>
						<sequence>1</sequence>
						<maximumlength>100</maximumlength>
						<typeofdata>V~M</typeofdata>
						<quickcreate>2</quickcreate>
						<quickcreatesequence></quickcreatesequence>
						<displaytype>1</displaytype>
						<info_type>BAS</info_type>
						<helpinfo><![CDATA[]]></helpinfo>
						<masseditable>1</masseditable>
						<summaryfield>1</summaryfield>
						<relatedmodules>
						<relatedmodule>Employee</relatedmodule>
						</relatedmodules>
					</field>
					<field>
							<fieldname>from_date</fieldname>
							<uitype>5</uitype>
							<columnname>from_date</columnname>
							<tablename>vtiger_hrm_leave</tablename>
							<generatedtype>1</generatedtype>
							<fieldlabel>From Date</fieldlabel>
							<readonly>1</readonly>
							<presence>0</presence>
							<defaultvalue></defaultvalue>
							<sequence>2</sequence>
							<maximumlength>100</maximumlength>
							<typeofdata>D~O</typeofdata>
							<quickcreate>2</quickcreate>
							<quickcreatesequence></quickcreatesequence>
							<displaytype>1</displaytype>
							<info_type>BAS</info_type>
							<helpinfo><![CDATA[]]></helpinfo>
							<masseditable>1</masseditable>
							<summaryfield>1</summaryfield>
					</field>
					<field>
						<fieldname>assigned_user_id</fieldname>
						<uitype>53</uitype>
						<columnname>smownerid</columnname>
						<tablename>vtiger_crmentity</tablename>
						<generatedtype>1</generatedtype>
						<fieldlabel>Assigned To</fieldlabel>
						<readonly>1</readonly>
						<presence>2</presence>
						<defaultvalue></defaultvalue>
						<sequence>3</sequence>
						<maximumlength>100</maximumlength>
						<typeofdata>V~M</typeofdata>
						<quickcreate>2</quickcreate>
						<quickcreatesequence>2</quickcreatesequence>
						<displaytype>1</displaytype>
						<info_type>BAS</info_type>
						<helpinfo><![CDATA[]]></helpinfo>
						<masseditable>1</masseditable>
						<summaryfield>1</summaryfield>
					</field>
					<field>
							<fieldname>to_date</fieldname>
							<uitype>5</uitype>
							<columnname>to_date</columnname>
							<tablename>vtiger_hrm_leave</tablename>
							<generatedtype>1</generatedtype>
							<fieldlabel>To Date</fieldlabel>
							<readonly>1</readonly>
							<presence>0</presence>
							<defaultvalue></defaultvalue>
							<sequence>4</sequence>
							<maximumlength>100</maximumlength>
							<typeofdata>D~O</typeofdata>
							<quickcreate>2</quickcreate>
							<quickcreatesequence></quickcreatesequence>
							<displaytype>1</displaytype>
							<info_type>BAS</info_type>
							<helpinfo><![CDATA[]]></helpinfo>
							<masseditable>1</masseditable>
							<summaryfield>1</summaryfield>
					</field>
					<field>
						<fieldname>hrm_leave_type</fieldname>
						<uitype>15</uitype>
						<columnname>hrm_leave_type</columnname>
						<tablename>vtiger_hrm_leave</tablename>
						<generatedtype>1</generatedtype>
						<fieldlabel>Leave Type</fieldlabel>
						<readonly>1</readonly>
						<presence>0</presence>
						<defaultvalue></defaultvalue>
						<sequence>5</sequence>
						<maximumlength>100</maximumlength>
						<typeofdata>V~O</typeofdata>
						<quickcreate>3</quickcreate>
						<quickcreatesequence></quickcreatesequence>
						<displaytype>1</displaytype>
						<info_type>BAS</info_type>
						<helpinfo><![CDATA[]]></helpinfo>
						<masseditable>1</masseditable>
						<summaryfield>1</summaryfield>
						<picklistvalues>
							<picklistvalue>Sick leave</picklistvalue>
							<picklistvalue>Personal leave</picklistvalue>
							<picklistvalue>Wedding</picklistvalue>
							<picklistvalue>Leave of Absence</picklistvalue>
							<picklistvalue>Other</picklistvalue>
						</picklistvalues>	
					</field>
					<field>
						<fieldname>partial_day</fieldname>
						<uitype>1</uitype>
						<columnname>partial_day</columnname>
						<tablename>vtiger_hrm_leave</tablename>
						<generatedtype>1</generatedtype>
						<fieldlabel>Partial Days</fieldlabel>
						<readonly>1</readonly>
						<presence>0</presence>
						<defaultvalue></defaultvalue>
						<sequence>6</sequence>
						<maximumlength>100</maximumlength>
						<typeofdata>V~O</typeofdata>
						<quickcreate>2</quickcreate>
						<quickcreatesequence></quickcreatesequence>
						<displaytype>1</displaytype>
						<info_type>BAS</info_type>
						<helpinfo><![CDATA[]]></helpinfo>
						<masseditable>1</masseditable>
						<summaryfield>1</summaryfield>
					</field>
					
					<field>
						<fieldname>hrm_leave_action</fieldname>
						<uitype>15</uitype>
						<columnname>hrm_leave_action</columnname>
						<tablename>vtiger_hrm_leave</tablename>
						<generatedtype>1</generatedtype>
						<fieldlabel>Action</fieldlabel>
						<readonly>1</readonly>
						<presence>0</presence>
						<defaultvalue></defaultvalue>
						<sequence>7</sequence>
						<maximumlength>100</maximumlength>
						<typeofdata>V~O</typeofdata>
						<quickcreate>3</quickcreate>
						<quickcreatesequence></quickcreatesequence>
						<displaytype>1</displaytype>
						<info_type>BAS</info_type>
						<helpinfo><![CDATA[]]></helpinfo>
						<masseditable>1</masseditable>
						<summaryfield>1</summaryfield>
						<picklistvalues>
							<picklistvalue>Accept</picklistvalue>
							<picklistvalue>Reject</picklistvalue>
						</picklistvalues>	
					</field>
					<field>
							<fieldname>note</fieldname>
							<uitype>19</uitype>
							<columnname>note</columnname>
							<tablename>vtiger_hrm_leave</tablename>
							<generatedtype>1</generatedtype>
							<fieldlabel>Note</fieldlabel>
							<readonly>1</readonly>
							<presence>0</presence>
							<defaultvalue></defaultvalue>
							<sequence>16</sequence>
							<maximumlength>100</maximumlength>
							<typeofdata>V~O</typeofdata>
							<quickcreate>2</quickcreate>
							<quickcreatesequence></quickcreatesequence>
							<displaytype>1</displaytype>
							<info_type>BAS</info_type>
							<helpinfo><![CDATA[]]></helpinfo>
							<masseditable>1</masseditable>
					</field>
	
					<field>
						<fieldname>hr</fieldname>
						<uitype>15</uitype>
						<columnname>hr</columnname>
						<tablename>vtiger_hrm_leave</tablename>
						<generatedtype>1</generatedtype>
						<fieldlabel>HR</fieldlabel>
						<readonly>1</readonly>
						<presence>0</presence>
						<defaultvalue></defaultvalue>
						<sequence>12</sequence>
						<maximumlength>100</maximumlength>
						<typeofdata>V~O</typeofdata>
						<quickcreate>2</quickcreate>
						<quickcreatesequence></quickcreatesequence>
						<displaytype>1</displaytype>
						<info_type>BAS</info_type>
						<helpinfo><![CDATA[]]></helpinfo>
						<masseditable>0</masseditable>
						<summaryfield>1</summaryfield>
						<picklistvalues>
							<picklistvalue>Hasn't salary</picklistvalue>
							<picklistvalue>Has salary</picklistvalue>
						</picklistvalues>	
					</field>
					<field>
							<fieldname>createdtime</fieldname>
							<uitype>70</uitype>
							<columnname>createdtime</columnname>
							<tablename>vtiger_crmentity</tablename>
							<generatedtype>1</generatedtype>
							<fieldlabel>Created Time</fieldlabel>
							<readonly>1</readonly>
							<presence>0</presence>
							<defaultvalue></defaultvalue>
							<sequence>17</sequence>
							<maximumlength>100</maximumlength>
							<typeofdata>DT~O</typeofdata>
							<quickcreate>3</quickcreate>
							<quickcreatesequence></quickcreatesequence>
							<displaytype>2</displaytype>
							<info_type>BAS</info_type>
							<helpinfo><![CDATA[]]></helpinfo>
							<masseditable>0</masseditable>
						</field>
						<field>
							<fieldname>modifiedtime</fieldname>
							<uitype>70</uitype>
							<columnname>modifiedtime</columnname>
							<tablename>vtiger_crmentity</tablename>
							<generatedtype>1</generatedtype>
							<fieldlabel>Modified Time</fieldlabel>
							<readonly>1</readonly>
							<presence>0</presence>
							<defaultvalue></defaultvalue>
							<sequence>19</sequence>
							<maximumlength>100</maximumlength>
							<typeofdata>DT~O</typeofdata>
							<quickcreate>3</quickcreate>
							<quickcreatesequence></quickcreatesequence>
							<displaytype>2</displaytype>
							<info_type>BAS</info_type>
							<helpinfo><![CDATA[]]></helpinfo>
							<masseditable>0</masseditable>
						</field>
					
				</fields>					
			</block>
        </blocks>
        <customviews>
				<customview>
					<viewname>All</viewname>
					<setdefault>true</setdefault>
					<setmetrics>false</setmetrics>
					<fields>
						<field>
							<fieldname>employ_id</fieldname>
							<columnindex>1</columnindex>
						</field>
						<field>
							<fieldname>from_date</fieldname>
							<columnindex>2</columnindex>
						</field>
						<field>
							<fieldname>to_date</fieldname>
							<columnindex>3</columnindex>
						</field>
						<field>
							<fieldname>hrm_leave_type</fieldname>
							<columnindex>4</columnindex>
						</field>
						<field>
							<fieldname>hrm_leave_action</fieldname>
							<columnindex>5</columnindex>
						</field>
					</fields>
				</customview>
	     </customviews>
		 <events>	
			<event>
				<eventname>vtiger.entity.aftersave</eventname>
				<classname><![CDATA[LeaveHandler]]></classname>
				<filename><![CDATA[modules/Leave/LeaveHandler.php]]></filename>
			</event>
		</events>
		 <sharingaccess>
			<default>public_readwritedelete</default>
		 </sharingaccess>
</module>