<?xml version="1.0"?>
<module>
        <name>Rating</name>
        <label>Rating</label>
        <parent>HRM</parent>
        <version>1.0</version>
        <dependencies>
                <vtiger_version>7.1.0</vtiger_version>
                <vtiger_max_version>7.*</vtiger_max_version>
        </dependencies>

		<tables>
			<table>
				<name>vtiger_hrm_rating</name>
				<sql><![CDATA[CREATE TABLE `vtiger_hrm_rating` (
					  `id` int(19) NOT NULL,
					  `task_name` varchar(255) DEFAULT NULL,
					  `rating_weight` varchar(255) DEFAULT NULL,
					  `ranking_1` varchar(255) DEFAULT NULL,
					  `ranking_2` varchar(255) DEFAULT NULL,
					  `ranking_3` varchar(255) DEFAULT NULL,
					  `ranking_4` varchar(255) DEFAULT NULL,
					  `detail` text DEFAULT NULL,
					  PRIMARY KEY  (`id`)
					) ENGINE=InnoDB DEFAULT CHARSET=utf8]]>
					</sql>
			</table>
			<table>
				<name>vtiger_hrm_ratingcf</name>
				<sql><![CDATA[CREATE TABLE `vtiger_hrm_ratingcf` (
					  `id` int(19) NOT NULL,
					  PRIMARY KEY  (`id`)
					) ENGINE=InnoDB DEFAULT CHARSET=utf8]]>
						
					</sql>
			</table>	
		</tables>        
        <blocks>
				<block>
						<label>LBL_RATING_INFORMATION</label>
					    <fields>
							<field>
								<fieldname>task_name</fieldname>
								<uitype>2</uitype>
								<columnname>task_name</columnname>
								<tablename>vtiger_hrm_rating</tablename>
								<generatedtype>1</generatedtype>
								<fieldlabel>Task Name</fieldlabel>
								<readonly>1</readonly>
								<presence>0</presence>
								<defaultvalue></defaultvalue>
								<sequence>2</sequence>
								<maximumlength>100</maximumlength>
								<typeofdata>V~M</typeofdata>
								<quickcreate>3</quickcreate>
								<quickcreatesequence></quickcreatesequence>
								<displaytype>1</displaytype>
								<info_type>BAS</info_type>
								<helpinfo><![CDATA[]]></helpinfo>
								<masseditable>1</masseditable>
								<entityidentifier>
								<entityidfield>id</entityidfield>
								<entityidcolumn>id</entityidcolumn>
								</entityidentifier>
							</field>
							
							<field>
								<fieldname>rating_weight</fieldname>
								<uitype>10</uitype>
								<columnname>rating_weight</columnname>
								<tablename>vtiger_hrm_rating</tablename>
								<generatedtype>1</generatedtype>
								<fieldlabel>Weight</fieldlabel>
								<readonly>1</readonly>
								<presence>0</presence>
								<defaultvalue></defaultvalue>
								<sequence>2</sequence>
								<maximumlength>100</maximumlength>
								<typeofdata>V~O</typeofdata>
								<quickcreate>3</quickcreate>
								<quickcreatesequence></quickcreatesequence>
								<displaytype>1</displaytype>
								<info_type>BAS</info_type>
								<helpinfo><![CDATA[]]></helpinfo>
								<masseditable>1</masseditable>
								<relatedmodules>
								<relatedmodule>SettingWeight</relatedmodule>
								</relatedmodules>
							</field>
							
							<field>
								<fieldname>detail</fieldname>
								<uitype>19</uitype>
								<columnname>detail</columnname>
								<tablename>vtiger_hrm_rating</tablename>
								<generatedtype>1</generatedtype>
								<fieldlabel>Details</fieldlabel>
								<readonly>1</readonly>
								<presence>0</presence>
								<defaultvalue></defaultvalue>
								<sequence>2</sequence>
								<maximumlength>100</maximumlength>
								<typeofdata>V~O</typeofdata>
								<quickcreate>3</quickcreate>
								<quickcreatesequence></quickcreatesequence>
								<displaytype>1</displaytype>
								<info_type>BAS</info_type>
								<helpinfo><![CDATA[]]></helpinfo>
								<masseditable>1</masseditable>
							</field>	

							<field>
								<fieldname>createdtime</fieldname>
								<uitype>70</uitype>
								<columnname>createdtime</columnname>
								<tablename>vtiger_crmentity</tablename>
								<generatedtype>1</generatedtype>
								<fieldlabel>Created Time</fieldlabel>
								<readonly>1</readonly>
								<presence>0</presence>
								<defaultvalue></defaultvalue>
								<sequence>17</sequence>
								<maximumlength>100</maximumlength>
								<typeofdata>DT~O</typeofdata>
								<quickcreate>3</quickcreate>
								<quickcreatesequence></quickcreatesequence>
								<displaytype>2</displaytype>
								<info_type>BAS</info_type>
								<helpinfo><![CDATA[]]></helpinfo>
								<masseditable>0</masseditable>
							</field>
							
							<field>
								<fieldname>modifiedtime</fieldname>
								<uitype>70</uitype>
								<columnname>modifiedtime</columnname>
								<tablename>vtiger_crmentity</tablename>
								<generatedtype>1</generatedtype>
								<fieldlabel>Modified Time</fieldlabel>
								<readonly>1</readonly>
								<presence>0</presence>
								<defaultvalue></defaultvalue>
								<sequence>18</sequence>
								<maximumlength>100</maximumlength>
								<typeofdata>DT~O</typeofdata>
								<quickcreate>3</quickcreate>
								<quickcreatesequence></quickcreatesequence>
								<displaytype>2</displaytype>
								<info_type>BAS</info_type>
								<helpinfo><![CDATA[]]></helpinfo>
								<masseditable>0</masseditable>
							</field>	
							
						</fields>			
				</block>
				<block>
					<label>LBL_RANKING_INFORMATION</label>
					<fields>
							<field>
								<fieldname>ranking_1</fieldname>
								<uitype>1</uitype>
								<columnname>ranking_1</columnname>
								<tablename>vtiger_hrm_rating</tablename>
								<generatedtype>1</generatedtype>
								<fieldlabel>1</fieldlabel>
								<readonly>1</readonly>
								<presence>0</presence>
								<defaultvalue></defaultvalue>
								<sequence>2</sequence>
								<maximumlength>100</maximumlength>
								<typeofdata>V~O</typeofdata>
								<quickcreate>2</quickcreate>
								<quickcreatesequence></quickcreatesequence>
								<displaytype>1</displaytype>
								<info_type>BAS</info_type>
								<helpinfo><![CDATA[]]></helpinfo>
								<masseditable>0</masseditable>
							</field>
							<field>
								<fieldname>ranking_2</fieldname>
								<uitype>1</uitype>
								<columnname>ranking_2</columnname>
								<tablename>vtiger_hrm_rating</tablename>
								<generatedtype>1</generatedtype>
								<fieldlabel>2</fieldlabel>
								<readonly>1</readonly>
								<presence>0</presence>
								<defaultvalue></defaultvalue>
								<sequence>2</sequence>
								<maximumlength>100</maximumlength>
								<typeofdata>V~O</typeofdata>
								<quickcreate>2</quickcreate>
								<quickcreatesequence></quickcreatesequence>
								<displaytype>1</displaytype>
								<info_type>BAS</info_type>
								<helpinfo><![CDATA[]]></helpinfo>
								<masseditable>0</masseditable>
							</field>
							<field>
								<fieldname>ranking_3</fieldname>
								<uitype>1</uitype>
								<columnname>ranking_3</columnname>
								<tablename>vtiger_hrm_rating</tablename>
								<generatedtype>1</generatedtype>
								<fieldlabel>3</fieldlabel>
								<readonly>1</readonly>
								<presence>0</presence>
								<defaultvalue></defaultvalue>
								<sequence>2</sequence>
								<maximumlength>100</maximumlength>
								<typeofdata>V~O</typeofdata>
								<quickcreate>2</quickcreate>
								<quickcreatesequence></quickcreatesequence>
								<displaytype>1</displaytype>
								<info_type>BAS</info_type>
								<helpinfo><![CDATA[]]></helpinfo>
								<masseditable>0</masseditable>
							</field>
							<field>
								<fieldname>ranking_4</fieldname>
								<uitype>1</uitype>
								<columnname>ranking_4</columnname>
								<tablename>vtiger_hrm_rating</tablename>
								<generatedtype>1</generatedtype>
								<fieldlabel>4</fieldlabel>
								<readonly>1</readonly>
								<presence>0</presence>
								<defaultvalue></defaultvalue>
								<sequence>2</sequence>
								<maximumlength>100</maximumlength>
								<typeofdata>V~O</typeofdata>
								<quickcreate>2</quickcreate>
								<quickcreatesequence></quickcreatesequence>
								<displaytype>1</displaytype>
								<info_type>BAS</info_type>
								<helpinfo><![CDATA[]]></helpinfo>
								<masseditable>0</masseditable>
							</field>
					</fields>
				</block>
        </blocks>
        <customviews>
				<customview>
					<viewname>All</viewname>
					<setdefault>true</setdefault>
					<setmetrics>false</setmetrics>
					<fields>
						<field>
							<fieldname>task_name</fieldname>
							<columnindex>0</columnindex>
						</field>
						<field>
							<fieldname>rating_weight</fieldname>
							<columnindex>1</columnindex>
						</field>
						<field>
							<fieldname>detail</fieldname>
							<columnindex>1</columnindex>
						</field>
					</fields>
				</customview>
	     </customviews>
		 <sharingaccess>
			<default>public_readwritedelete</default>
		 </sharingaccess>
		 <events>	
			<event>
				<eventname>vtiger.entity.aftersave.final</eventname>
				<classname><![CDATA[RatingHandler]]></classname>
				<filename><![CDATA[modules/Rating/RatingHandler.php]]></filename>
			</event>
		</events>
			<actions>
			<action>
			<name><![CDATA[Import]]></name>
			<status>enabled</status>
			</action>
			<action>
			<name><![CDATA[Export]]></name>
			<status>enabled</status>
			</action>
			<action>
			<name><![CDATA[Merge]]></name>
			<status>enabled</status>
			</action>
			<action>
			<name><![CDATA[DuplicatesHandling]]></name>
			<status>enabled</status>
			</action>
			</actions>		
</module>