<?xml version='1.0'?>
<schema>
	<tables>
		<table>
			<name>vtiger_hrm_candidate</name>
			<sql><![CDATA[CREATE TABLE `vtiger_hrm_candidate` (
					  `id` int(19) NOT NULL,
					  `email` varchar(255) DEFAULT NULL,
					  `firstname` varchar(255) DEFAULT NULL,
					  `lastname` varchar(255) DEFAULT NULL,
					  `date_of_birth` varchar(255) DEFAULT NULL,
					  `mobile` varchar(255) DEFAULT NULL,
					  `position` varchar(255) DEFAULT NULL,
					  `resume` varchar(255) DEFAULT NULL,
					  `description` text DEFAULT NULL,
					  `candidate_status` varchar(255) DEFAULT NULL,
					  `application_date` varchar(255) DEFAULT NULL,
					  `candidate_resource_cv` varchar(255) DEFAULT NULL,
					  `candidate_action` varchar(255) DEFAULT NULL,
					  `reject_note` text DEFAULT NULL,
					  `shortlist_note` text DEFAULT NULL,
					  `si_name` varchar(255) DEFAULT NULL,
					  `si_date` varchar(255) DEFAULT NULL,
					  `si_time` varchar(255) DEFAULT NULL,
					  `si_note` varchar(255) DEFAULT NULL,
					  `mip_swork` varchar(255) DEFAULT NULL,
					  `mip_de_salary` varchar(255) DEFAULT NULL,
					  `mip_probation` varchar(255) DEFAULT NULL,
					  PRIMARY KEY  (`id`)
					) ENGINE=InnoDB DEFAULT CHARSET=utf8
				]]></sql>
		</table>
		<table>
			<name>vtiger_hrm_candidatecf</name>
			<sql><![CDATA[CREATE TABLE `vtiger_hrm_candidatecf` (
					  `id` int(19) NOT NULL default '0',
					  PRIMARY KEY  (`id`)
					) ENGINE=InnoDB DEFAULT CHARSET=utf8
						
			   ]]></sql>
		</table>
	</tables>
</schema>
