<?xml version="1.0"?>
<module>
        <name>SettingWeight</name>
        <label>Setting Weight</label>
        <parent>HRM</parent>
        <version>1.0</version>
        <dependencies>
                <vtiger_version>7.1.0</vtiger_version>
                <vtiger_max_version>7.*</vtiger_max_version>
        </dependencies>

		<tables>
				<table>
					<name>vtiger_hrm_weight</name>
					<sql><![CDATA[CREATE TABLE `vtiger_hrm_weight`(
						  `id` int(19) NOT NULL,
						  `weight` varchar(255) DEFAULT NULL,
						  PRIMARY KEY  (`id`)
						) ENGINE=InnoDB DEFAULT CHARSET=utf8]]>
							
						</sql>
				</table>		
			</tables>        
        <blocks>
				<block>
					<label>LBL_STW_INFORMATION</label>
					<fields>
						<field>
								<fieldname>weight</fieldname>
								<uitype>2</uitype>
								<columnname>weight</columnname>
								<tablename>vtiger_hrm_weight</tablename>
								<generatedtype>1</generatedtype>
								<fieldlabel>Weight</fieldlabel>
								<readonly>1</readonly>
								<presence>0</presence>
								<defaultvalue></defaultvalue>
								<sequence>2</sequence>
								<maximumlength>100</maximumlength>
								<typeofdata>V~M</typeofdata>
								<quickcreate>2</quickcreate>
								<quickcreatesequence></quickcreatesequence>
								<displaytype>1</displaytype>
								<info_type>BAS</info_type>
								<helpinfo><![CDATA[]]></helpinfo>
								<masseditable>1</masseditable>
								<entityidentifier>
								<entityidfield>id</entityidfield>
								<entityidcolumn>id</entityidcolumn>
								</entityidentifier>
						</field>
						<field>
							<fieldname>createdtime</fieldname>
							<uitype>70</uitype>
							<columnname>createdtime</columnname>
							<tablename>vtiger_crmentity</tablename>
							<generatedtype>1</generatedtype>
							<fieldlabel>Created Time</fieldlabel>
							<readonly>1</readonly>
							<presence>0</presence>
							<defaultvalue></defaultvalue>
							<sequence>17</sequence>
							<maximumlength>100</maximumlength>
							<typeofdata>DT~O</typeofdata>
							<quickcreate>3</quickcreate>
							<quickcreatesequence></quickcreatesequence>
							<displaytype>2</displaytype>
							<info_type>BAS</info_type>
							<helpinfo><![CDATA[]]></helpinfo>
							<masseditable>0</masseditable>
						</field>
						<field>
							<fieldname>modifiedtime</fieldname>
							<uitype>70</uitype>
							<columnname>modifiedtime</columnname>
							<tablename>vtiger_crmentity</tablename>
							<generatedtype>1</generatedtype>
							<fieldlabel>Modified Time</fieldlabel>
							<readonly>1</readonly>
							<presence>0</presence>
							<defaultvalue></defaultvalue>
							<sequence>19</sequence>
							<maximumlength>100</maximumlength>
							<typeofdata>DT~O</typeofdata>
							<quickcreate>3</quickcreate>
							<quickcreatesequence></quickcreatesequence>
							<displaytype>2</displaytype>
							<info_type>BAS</info_type>
							<helpinfo><![CDATA[]]></helpinfo>
							<masseditable>0</masseditable>
						</field>
					</fields>	
				</block>
        </blocks>
        <customviews>
				<customview>
					<viewname>All</viewname>
					<setdefault>true</setdefault>
					<setmetrics>false</setmetrics>
					<fields>
						<field>
							<fieldname>weight</fieldname>
							<columnindex>1</columnindex>
						</field>
					</fields>
				</customview>
	     </customviews>
		 <sharingaccess>
			<default>public_readwritedelete</default>
		 </sharingaccess>
</module>