<?xml version="1.0"?>
<module>
        <name>Candidates</name>
        <label>Candidates</label>
        <parent>HRM</parent>
        <version>1.0</version>
        <dependencies>
                <vtiger_version>7.1.0</vtiger_version>
                <vtiger_max_version>7.*</vtiger_max_version>
        </dependencies>

		<tables>
			<table>
				<name>vtiger_hrm_candidate</name>
				<sql><![CDATA[CREATE TABLE `vtiger_hrm_candidate` (
					  `id` int(19) NOT NULL,
					  `email` varchar(255) DEFAULT NULL,
					  `firstname` varchar(255) DEFAULT NULL,
					  `lastname` varchar(255) DEFAULT NULL,
					  `date_of_birth` varchar(255) DEFAULT NULL,
					  `mobile` varchar(255) DEFAULT NULL,
					  `position` varchar(255) DEFAULT NULL,
					  `description` text DEFAULT NULL,
					  `application_date` varchar(255) DEFAULT NULL,
					  `candidate_resource_cv` varchar(255) DEFAULT NULL,
					  `candidate_action` varchar(255) DEFAULT NULL,
					  `reject_note` text DEFAULT NULL,
					  `shortlist_note` text DEFAULT NULL,
					  `si_name` varchar(255) DEFAULT NULL,
					  `si_date` varchar(255) DEFAULT NULL,
					  `si_time` varchar(255) DEFAULT NULL,
					  `si_note` varchar(255) DEFAULT NULL,
					  `mip_swork` varchar(255) DEFAULT NULL,
					  `mip_de_salary` varchar(255) DEFAULT NULL,
					  `mip_probation` varchar(255) DEFAULT NULL,
					  `mip_note` text DEFAULT NULL,
					  `status` varchar(255) DEFAULT NULL,
					  `mif_note` text DEFAULT NULL,
					  `oj_note` text DEFAULT NULL,
					  `official_salary` text DEFAULT NULL,
					  PRIMARY KEY  (`id`)
					) ENGINE=InnoDB DEFAULT CHARSET=utf8]]>
				</sql>
			</table>
			<table>
				<name>vtiger_hrm_candidatecf</name>
				<sql><![CDATA[CREATE TABLE `vtiger_hrm_candidatecf` (
					  `id` int(19) NOT NULL default '0',
					  PRIMARY KEY  (`id`)
					) ENGINE=InnoDB DEFAULT CHARSET=utf8]]>
						
			   </sql>
			</table>
			<table>
				<name>hrm_employee_history</name>
				<sql><![CDATA[CREATE TABLE IF NOT EXISTS hrm_employee_history(
						`id` INT(11) NOT NULL AUTO_INCREMENT,
						`employ_id` INT(11) DEFAULT NULL,
						`note` TEXT DEFAULT NULL,
						`date` datetime,
						`action` VARCHAR(255) DEFAULT NULL,
						`si_name` VARCHAR(255) DEFAULT NULL,
						PRIMARY KEY  (`id`)
					) ENGINE=InnoDB DEFAULT CHARSET=utf8]]>
			   </sql>
			</table>
		</tables>   
		
        <blocks>
			<block>
					<label>LBL_CANDIDATE_INFORMATION</label>
					<fields>
						<field>
							<fieldname>email</fieldname>
							<uitype>13</uitype>
							<columnname>email</columnname>
							<tablename>vtiger_hrm_candidate</tablename>
							<generatedtype>1</generatedtype>
							<fieldlabel>Primary Email</fieldlabel>
							<readonly>1</readonly>
							<presence>0</presence>
							<defaultvalue></defaultvalue>
							<sequence>1</sequence>
							<maximumlength>100</maximumlength>
							<typeofdata>V~M</typeofdata>
							<quickcreate>2</quickcreate>
							<quickcreatesequence></quickcreatesequence>
							<displaytype>1</displaytype>
							<info_type>BAS</info_type>
							<helpinfo><![CDATA[]]></helpinfo>
							<masseditable>1</masseditable>
						</field>
						<field>
							<fieldname>firstname</fieldname>
							<uitype>2</uitype>
							<columnname>firstname</columnname>
							<tablename>vtiger_hrm_candidate</tablename>
							<generatedtype>1</generatedtype>
							<fieldlabel>First Name</fieldlabel>
							<readonly>1</readonly>
							<presence>2</presence>
							<defaultvalue></defaultvalue>
							<sequence>2</sequence>
							<maximumlength>100</maximumlength>
							<typeofdata>V~M</typeofdata>
							<quickcreate>2</quickcreate>
							<quickcreatesequence></quickcreatesequence>
							<displaytype>1</displaytype>
							<info_type>BAS</info_type>
							<helpinfo><![CDATA[]]></helpinfo>
							<masseditable>1</masseditable>
							<entityidentifier>
								<entityidfield>id</entityidfield>
								<entityidcolumn>id</entityidcolumn>
							</entityidentifier>
						</field>	
						<field>
							<fieldname>lastname</fieldname>
							<uitype>2</uitype>
							<columnname>lastname</columnname>
							<tablename>vtiger_hrm_candidate</tablename>
							<generatedtype>1</generatedtype>
							<fieldlabel>Last Name</fieldlabel>
							<readonly>1</readonly>
							<presence>0</presence>
							<defaultvalue></defaultvalue>
							<sequence>3</sequence>
							<maximumlength>100</maximumlength>
							<typeofdata>V~M</typeofdata>
							<quickcreate>2</quickcreate>
							<quickcreatesequence></quickcreatesequence>
							<displaytype>1</displaytype>
							<info_type>BAS</info_type>
							<helpinfo><![CDATA[]]></helpinfo>
							<masseditable>1</masseditable>
							<entityidentifier>
								<entityidfield>id</entityidfield>
								<entityidcolumn>id</entityidcolumn>
							</entityidentifier>
						</field>

						<field>
							<fieldname>date_of_birth</fieldname>
							<uitype>5</uitype>
							<columnname>date_of_birth</columnname>
							<tablename>vtiger_hrm_candidate</tablename>
							<generatedtype>1</generatedtype>
							<fieldlabel>Date of Birth</fieldlabel>
							<readonly>1</readonly>
							<presence>0</presence>
							<defaultvalue></defaultvalue>
							<sequence>4</sequence>
							<maximumlength>100</maximumlength>
							<typeofdata>D~O</typeofdata>
							<quickcreate>2</quickcreate>
							<quickcreatesequence></quickcreatesequence>
							<displaytype>1</displaytype>
							<info_type>BAS</info_type>
							<helpinfo><![CDATA[]]></helpinfo>
							<masseditable>1</masseditable>
						</field>
						
						<field>
							<fieldname>mobile</fieldname>
							<uitype>1</uitype>
							<columnname>mobile</columnname>
							<tablename>vtiger_hrm_candidate</tablename>
							<generatedtype>1</generatedtype>
							<fieldlabel>Mobile Phone</fieldlabel>
							<readonly>1</readonly>
							<presence>0</presence>
							<defaultvalue></defaultvalue>
							<sequence>5</sequence>
							<maximumlength>100</maximumlength>
							<typeofdata>V~O</typeofdata>
							<quickcreate>2</quickcreate>
							<quickcreatesequence></quickcreatesequence>
							<displaytype>1</displaytype>
							<info_type>BAS</info_type>
							<helpinfo><![CDATA[]]></helpinfo>
							<masseditable>1</masseditable>
						</field>

						<field>
							<fieldname>position</fieldname>
							<uitype>10</uitype>
							<columnname>position</columnname>
							<tablename>vtiger_hrm_candidate</tablename>
							<generatedtype>1</generatedtype>
							<fieldlabel>Position</fieldlabel>
							<readonly>1</readonly>
							<presence>2</presence>
							<defaultvalue></defaultvalue>
							<sequence>6</sequence>
							<maximumlength>100</maximumlength>
							<typeofdata>V~O</typeofdata>
							<quickcreate>2</quickcreate>
							<quickcreatesequence></quickcreatesequence>
							<displaytype>1</displaytype>
							<info_type>BAS</info_type>
							<helpinfo><![CDATA[]]></helpinfo>
							<masseditable>1</masseditable>
							<summaryfield>1</summaryfield>
							<relatedmodules>
							<relatedmodule>SettingPosition</relatedmodule>
							</relatedmodules>
						</field>
						
						<field>
							<fieldname>description</fieldname>
							<uitype>19</uitype>
							<columnname>description</columnname>
							<tablename>vtiger_hrm_candidate</tablename>
							<generatedtype>1</generatedtype>
							<fieldlabel>Description</fieldlabel>
							<readonly>1</readonly>
							<presence>0</presence>
							<defaultvalue></defaultvalue>
							<sequence>7</sequence>
							<maximumlength>100</maximumlength>
							<typeofdata>V~O</typeofdata>
							<quickcreate>2</quickcreate>
							<quickcreatesequence></quickcreatesequence>
							<displaytype>1</displaytype>
							<info_type>BAS</info_type>
							<helpinfo><![CDATA[]]></helpinfo>
							<masseditable>1</masseditable>
						</field>
						
						<field>
							<fieldname>assigned_user_id</fieldname>
							<uitype>53</uitype>
							<columnname>smownerid</columnname>
							<tablename>vtiger_crmentity</tablename>
							<generatedtype>1</generatedtype>
							<fieldlabel>Assigned To</fieldlabel>
							<readonly>1</readonly>
							<presence>2</presence>
							<defaultvalue></defaultvalue>
							<sequence>8</sequence>
							<maximumlength>100</maximumlength>
							<typeofdata>V~M</typeofdata>
							<quickcreate>2</quickcreate>
							<quickcreatesequence>2</quickcreatesequence>
							<displaytype>1</displaytype>
							<info_type>BAS</info_type>
							<helpinfo><![CDATA[]]></helpinfo>
							<masseditable>1</masseditable>
						</field>
						<field>
							<fieldname>application_date</fieldname>
							<uitype>5</uitype>
							<columnname>application_date</columnname>
							<tablename>vtiger_hrm_candidate</tablename>
							<generatedtype>1</generatedtype>
							<fieldlabel>Application Date</fieldlabel>
							<readonly>1</readonly>
							<presence>0</presence>
							<defaultvalue></defaultvalue>
							<sequence>9</sequence>
							<maximumlength>100</maximumlength>
							<typeofdata>D~O</typeofdata>
							<quickcreate>2</quickcreate>
							<quickcreatesequence></quickcreatesequence>
							<displaytype>1</displaytype>
							<info_type>BAS</info_type>
							<helpinfo><![CDATA[]]></helpinfo>
							<masseditable>1</masseditable>
						</field>
						<field>
							<fieldname>candidate_resource_cv</fieldname>
							<uitype>15</uitype>
							<columnname>candidate_resource_cv</columnname>
							<tablename>vtiger_hrm_candidate</tablename>
							<generatedtype>1</generatedtype>
							<fieldlabel>Resource CV</fieldlabel>
							<readonly>1</readonly>
							<presence>0</presence>
							<defaultvalue></defaultvalue>
							<sequence>10</sequence>
							<maximumlength>100</maximumlength>
							<typeofdata>V~O</typeofdata>
							<quickcreate>2</quickcreate>
							<quickcreatesequence></quickcreatesequence>
							<displaytype>1</displaytype>
							<info_type>BAS</info_type>
							<helpinfo><![CDATA[]]></helpinfo>
							<masseditable>1</masseditable>
							<picklistvalues>
								<picklistvalue>Facebook</picklistvalue>
								<picklistvalue>Vietnamwork.com</picklistvalue>
								<picklistvalue>itviec.com</picklistvalue>
								<picklistvalue>zalo</picklistvalue>
								<picklistvalue>google.com</picklistvalue>
							</picklistvalues>					
						</field>
						<field>
							<fieldname>candidate_action</fieldname>
							<uitype>15</uitype>
							<columnname>candidate_action</columnname>
							<tablename>vtiger_hrm_candidate</tablename>
							<generatedtype>1</generatedtype>
							<fieldlabel>Action</fieldlabel>
							<readonly>1</readonly>
							<presence>0</presence>
							<defaultvalue></defaultvalue>
							<sequence>11</sequence>
							<maximumlength>100</maximumlength>
							<typeofdata>V~O</typeofdata>
							<quickcreate>2</quickcreate>
							<quickcreatesequence></quickcreatesequence>
							<displaytype>1</displaytype>
							<info_type>BAS</info_type>
							<helpinfo><![CDATA[]]></helpinfo>
							<masseditable>1</masseditable>
							<picklistvalues>
								<picklistvalue>Shortlist</picklistvalue>
								<picklistvalue>Reject</picklistvalue>
								<picklistvalue>Schedule Interview</picklistvalue>
								<picklistvalue>Mark Interview Passed</picklistvalue>
								<picklistvalue>Mark Interview Failed</picklistvalue>
								<picklistvalue>Offer Job</picklistvalue>
								<picklistvalue>Hire</picklistvalue>
								<picklistvalue>No Action</picklistvalue>
								<picklistvalue>Back to active</picklistvalue>
								<picklistvalue>Reject after shortlist</picklistvalue>
								<picklistvalue>Reject after SI</picklistvalue>
								<picklistvalue>Reject after MIP</picklistvalue>
								<picklistvalue>Reject after OJ</picklistvalue>
							</picklistvalues>					
						</field>
						<field>
							<fieldname>createdtime</fieldname>
							<uitype>70</uitype>
							<columnname>createdtime</columnname>
							<tablename>vtiger_crmentity</tablename>
							<generatedtype>1</generatedtype>
							<fieldlabel>Created Time</fieldlabel>
							<readonly>1</readonly>
							<presence>0</presence>
							<defaultvalue></defaultvalue>
							<sequence>17</sequence>
							<maximumlength>100</maximumlength>
							<typeofdata>DT~O</typeofdata>
							<quickcreate>3</quickcreate>
							<quickcreatesequence></quickcreatesequence>
							<displaytype>2</displaytype>
							<info_type>BAS</info_type>
							<helpinfo><![CDATA[]]></helpinfo>
							<masseditable>0</masseditable>
						</field>
						<field>
							<fieldname>modifiedtime</fieldname>
							<uitype>70</uitype>
							<columnname>modifiedtime</columnname>
							<tablename>vtiger_crmentity</tablename>
							<generatedtype>1</generatedtype>
							<fieldlabel>Modified Time</fieldlabel>
							<readonly>1</readonly>
							<presence>0</presence>
							<defaultvalue></defaultvalue>
							<sequence>19</sequence>
							<maximumlength>100</maximumlength>
							<typeofdata>DT~O</typeofdata>
							<quickcreate>3</quickcreate>
							<quickcreatesequence></quickcreatesequence>
							<displaytype>2</displaytype>
							<info_type>BAS</info_type>
							<helpinfo><![CDATA[]]></helpinfo>
							<masseditable>0</masseditable>
						</field>
						<field>
							<fieldname>status</fieldname>
							<uitype>1</uitype>
							<columnname>status</columnname>
							<tablename>vtiger_hrm_candidate</tablename>
							<generatedtype>1</generatedtype>
							<fieldlabel>Status</fieldlabel>
							<readonly>1</readonly>
							<presence>0</presence>
							<defaultvalue></defaultvalue>
							<sequence>12</sequence>
							<maximumlength>100</maximumlength>
							<typeofdata>V~O</typeofdata>
							<quickcreate>2</quickcreate>
							<quickcreatesequence></quickcreatesequence>
							<displaytype>1</displaytype>
							<info_type>BAS</info_type>
							<helpinfo><![CDATA[]]></helpinfo>
							<masseditable>0</masseditable>
						</field>
					</fields>			
			</block>
			<block>
				<label>LBL_SHORTLIST</label>
				<fields>
					<field>
						<fieldname>shortlist_note</fieldname>
						<uitype>19</uitype>
						<columnname>shortlist_note</columnname>
						<tablename>vtiger_hrm_candidate</tablename>
						<generatedtype>1</generatedtype>
						<fieldlabel>Short list Notes</fieldlabel>
						<readonly>1</readonly>
						<presence>0</presence>
						<defaultvalue></defaultvalue>
						<sequence>13</sequence>
						<maximumlength>100</maximumlength>
						<typeofdata>V~O</typeofdata>
						<quickcreate>2</quickcreate>
						<quickcreatesequence></quickcreatesequence>
						<displaytype>1</displaytype>
						<info_type>BAS</info_type>
						<helpinfo><![CDATA[]]></helpinfo>
						<masseditable>0</masseditable>
					</field>	
				</fields>
			</block>
			<block>
				<label>LBL_REJECT</label>
				<fields>
					<field>
						<fieldname>reject_note</fieldname>
						<uitype>19</uitype>
						<columnname>reject_note</columnname>
						<tablename>vtiger_hrm_candidate</tablename>
						<generatedtype>1</generatedtype>
						<fieldlabel>Reject Notes</fieldlabel>
						<readonly>1</readonly>
						<presence>0</presence>
						<defaultvalue></defaultvalue>
						<sequence>14</sequence>
						<maximumlength>100</maximumlength>
						<typeofdata>V~O</typeofdata>
						<quickcreate>2</quickcreate>
						<quickcreatesequence></quickcreatesequence>
						<displaytype>1</displaytype>
						<info_type>BAS</info_type>
						<helpinfo><![CDATA[]]></helpinfo>
						<masseditable>0</masseditable>
					</field>	
				</fields>
			</block>
			<block>
				<label>LBL_SCHEDULE_INTERVIEW</label>
				<fields>
					<field>
						<fieldname>si_name</fieldname>
						<uitype>53</uitype>
						<columnname>si_name</columnname>
						<tablename>vtiger_hrm_candidate</tablename>
						<generatedtype>1</generatedtype>
						<fieldlabel>Interviewer Name</fieldlabel>
						<readonly>1</readonly>
						<presence>0</presence>
						<defaultvalue></defaultvalue>
						<sequence>15</sequence>
						<maximumlength>100</maximumlength>
						<typeofdata>V~O</typeofdata>
						<quickcreate>2</quickcreate>
						<quickcreatesequence></quickcreatesequence>
						<displaytype>1</displaytype>
						<info_type>BAS</info_type>
						<helpinfo><![CDATA[]]></helpinfo>
						<masseditable>0</masseditable>
					</field>
					<field>
						<fieldname>si_date</fieldname>
						<uitype>5</uitype>
						<columnname>si_date</columnname>
						<tablename>vtiger_hrm_candidate</tablename>
						<generatedtype>1</generatedtype>
						<fieldlabel>Date</fieldlabel>
						<readonly>1</readonly>
						<presence>0</presence>
						<defaultvalue></defaultvalue>
						<sequence>16</sequence>
						<maximumlength>100</maximumlength>
						<typeofdata>D~O</typeofdata>
						<quickcreate>2</quickcreate>
						<quickcreatesequence></quickcreatesequence>
						<displaytype>1</displaytype>
						<info_type>BAS</info_type>
						<helpinfo><![CDATA[]]></helpinfo>
						<masseditable>0</masseditable>
					</field>
					<field>
						<fieldname>si_time</fieldname>
						<uitype>2</uitype>
						<columnname>si_time</columnname>
						<tablename>vtiger_hrm_candidate</tablename>
						<generatedtype>1</generatedtype>
						<fieldlabel>Time</fieldlabel>
						<readonly>1</readonly>
						<presence>0</presence>
						<defaultvalue></defaultvalue>
						<sequence>17</sequence>
						<maximumlength>100</maximumlength>
						<typeofdata>T~O</typeofdata>
						<quickcreate>2</quickcreate>
						<quickcreatesequence></quickcreatesequence>
						<displaytype>1</displaytype>
						<info_type>BAS</info_type>
						<helpinfo><![CDATA[]]></helpinfo>
						<masseditable>0</masseditable>
					</field>
					<field>
						<fieldname>si_note</fieldname>
						<uitype>19</uitype>
						<columnname>si_note</columnname>
						<tablename>vtiger_hrm_candidate</tablename>
						<generatedtype>1</generatedtype>
						<fieldlabel>Note</fieldlabel>
						<readonly>1</readonly>
						<presence>0</presence>
						<defaultvalue></defaultvalue>
						<sequence>18</sequence>
						<maximumlength>100</maximumlength>
						<typeofdata>V~O</typeofdata>
						<quickcreate>2</quickcreate>
						<quickcreatesequence></quickcreatesequence>
						<displaytype>1</displaytype>
						<info_type>BAS</info_type>
						<helpinfo><![CDATA[]]></helpinfo>
						<masseditable>0</masseditable>
					</field>
				</fields>
			</block>
			<block>
				<label>LBL_MARK_INTERVEW_PASSED</label>
				<fields>
					<field>
						<fieldname>mip_swork</fieldname>
						<uitype>5</uitype>
						<columnname>mip_swork</columnname>
						<tablename>vtiger_hrm_candidate</tablename>
						<generatedtype>1</generatedtype>
						<fieldlabel>Start Work Date</fieldlabel>
						<readonly>1</readonly>
						<presence>0</presence>
						<defaultvalue></defaultvalue>
						<sequence>19</sequence>
						<maximumlength>100</maximumlength>
						<typeofdata>D~O</typeofdata>
						<quickcreate>2</quickcreate>
						<quickcreatesequence></quickcreatesequence>
						<displaytype>1</displaytype>
						<info_type>BAS</info_type>
						<helpinfo><![CDATA[]]></helpinfo>
						<masseditable>0</masseditable>
					</field>
					<field>
						<fieldname>mip_de_salary</fieldname>
						<uitype>1</uitype>
						<columnname>mip_de_salary</columnname>
						<tablename>vtiger_hrm_candidate</tablename>
						<generatedtype>1</generatedtype>
						<fieldlabel>Desired Salary</fieldlabel>
						<readonly>1</readonly>
						<presence>0</presence>
						<defaultvalue></defaultvalue>
						<sequence>20</sequence>
						<maximumlength>100</maximumlength>
						<typeofdata>V~O</typeofdata>
						<quickcreate>2</quickcreate>
						<quickcreatesequence></quickcreatesequence>
						<displaytype>1</displaytype>
						<info_type>BAS</info_type>
						<helpinfo><![CDATA[]]></helpinfo>
						<masseditable>0</masseditable>
					</field>
					<field>
						<fieldname>official_salary</fieldname>
						<uitype>1</uitype>
						<columnname>official_salary</columnname>
						<tablename>vtiger_hrm_candidate</tablename>
						<generatedtype>1</generatedtype>
						<fieldlabel>Official Salary</fieldlabel>
						<readonly>1</readonly>
						<presence>0</presence>
						<defaultvalue></defaultvalue>
						<sequence>21</sequence>
						<maximumlength>100</maximumlength>
						<typeofdata>V~O</typeofdata>
						<quickcreate>2</quickcreate>
						<quickcreatesequence></quickcreatesequence>
						<displaytype>1</displaytype>
						<info_type>BAS</info_type>
						<helpinfo><![CDATA[]]></helpinfo>
						<masseditable>0</masseditable>
					</field>
					<field>
						<fieldname>mip_probation</fieldname>
						<uitype>1</uitype>
						<columnname>mip_probation</columnname>
						<tablename>vtiger_hrm_candidate</tablename>
						<generatedtype>1</generatedtype>
						<fieldlabel>Probationary Period</fieldlabel>
						<readonly>1</readonly>
						<presence>0</presence>
						<defaultvalue></defaultvalue>
						<sequence>22</sequence>
						<maximumlength>100</maximumlength>
						<typeofdata>V~O</typeofdata>
						<quickcreate>2</quickcreate>
						<quickcreatesequence></quickcreatesequence>
						<displaytype>1</displaytype>
						<info_type>BAS</info_type>
						<helpinfo><![CDATA[]]></helpinfo>
						<masseditable>0</masseditable>
					</field>
					<field>
						<fieldname>mip_note</fieldname>
						<uitype>19</uitype>
						<columnname>mip_note</columnname>
						<tablename>vtiger_hrm_candidate</tablename>
						<generatedtype>1</generatedtype>
						<fieldlabel>Note</fieldlabel>
						<readonly>1</readonly>
						<presence>0</presence>
						<defaultvalue></defaultvalue>
						<sequence>23</sequence>
						<maximumlength>100</maximumlength>
						<typeofdata>V~O</typeofdata>
						<quickcreate>2</quickcreate>
						<quickcreatesequence></quickcreatesequence>
						<displaytype>1</displaytype>
						<info_type>BAS</info_type>
						<helpinfo><![CDATA[]]></helpinfo>
						<masseditable>0</masseditable>
					</field>
					
				</fields>
			</block>
			<block>
				<label>LBL_MARK_INTERVEW_FAILED</label>
				<fields>
					<field>
						<fieldname>mif_note</fieldname>
						<uitype>19</uitype>
						<columnname>mif_note</columnname>
						<tablename>vtiger_hrm_candidate</tablename>
						<generatedtype>1</generatedtype>
						<fieldlabel>Mark Interview Failed Note</fieldlabel>
						<readonly>1</readonly>
						<presence>0</presence>
						<defaultvalue></defaultvalue>
						<sequence>24</sequence>
						<maximumlength>100</maximumlength>
						<typeofdata>V~O</typeofdata>
						<quickcreate>2</quickcreate>
						<quickcreatesequence></quickcreatesequence>
						<displaytype>1</displaytype>
						<info_type>BAS</info_type>
						<helpinfo><![CDATA[]]></helpinfo>
						<masseditable>0</masseditable>
					</field>
				</fields>
			</block>
			<block>
				<label>LBL_OFFER_JOB</label>
				<fields>
					<field>
						<fieldname>oj_note</fieldname>
						<uitype>19</uitype>
						<columnname>oj_note</columnname>
						<tablename>vtiger_hrm_candidate</tablename>
						<generatedtype>1</generatedtype>
						<fieldlabel>Offer Job Note</fieldlabel>
						<readonly>1</readonly>
						<presence>0</presence>
						<defaultvalue></defaultvalue>
						<sequence>25</sequence>
						<maximumlength>100</maximumlength>
						<typeofdata>V~O</typeofdata>
						<quickcreate>2</quickcreate>
						<quickcreatesequence></quickcreatesequence>
						<displaytype>1</displaytype>
						<info_type>BAS</info_type>
						<helpinfo><![CDATA[]]></helpinfo>
						<masseditable>0</masseditable>
					</field>
				</fields>
			</block>
        </blocks>
        <customviews>
				<customview>
					<viewname>All</viewname>
					<setdefault>true</setdefault>
					<setmetrics>false</setmetrics>
					<fields>
						<field>
							<fieldname>firstname</fieldname>
							<columnindex>0</columnindex>
						</field>
						<field>
							<fieldname>lastname</fieldname>
							<columnindex>1</columnindex>
						</field>
						<field>
							<fieldname>email</fieldname>
							<columnindex>2</columnindex>
						</field>
						<field>
							<fieldname>mobile</fieldname>
							<columnindex>3</columnindex>
						</field>
						<field>
							<fieldname>position</fieldname>
							<columnindex>4</columnindex>
						</field>
						<field>
							<fieldname>assigned_user_id</fieldname>
							<columnindex>5</columnindex>
						</field>
					</fields>
				</customview>
	     </customviews>
		 <sharingaccess>
			<default>public_readwritedelete</default>
		 </sharingaccess>
		 <relatedlists>
			<relatedlist>
				<function>get_related_list</function>
				<label>History</label>
				<sequence>1</sequence>
				<presence>0</presence>
				<relatedmodule>Candidates</relatedmodule>
			</relatedlist>
			<relatedlist>
				<function>get_attachments</function>
				<label>Documents</label>
				<sequence>1</sequence>
				<presence>0</presence>
				<actions>
				<action>ADD</action>
				<action>SELECT</action>
				</actions>
				<relatedmodule>Documents</relatedmodule>
			</relatedlist>
		 </relatedlists>
		<events>	
			<event>
				<eventname>vtiger.entity.aftersave</eventname>
				<classname><![CDATA[CandidatesHandler]]></classname>
				<filename><![CDATA[modules/Candidates/CandidatesHandler.php]]></filename>
			</event>
		</events>
		<actions>
			<action>
			<name><![CDATA[Import]]></name>
			<status>enabled</status>
			</action>
			<action>
			<name><![CDATA[Export]]></name>
			<status>enabled</status>
			</action>
			<action>
			<name><![CDATA[Merge]]></name>
			<status>enabled</status>
			</action>
			<action>
			<name><![CDATA[DuplicatesHandling]]></name>
			<status>enabled</status>
			</action>
		</actions>
</module>